district_code,age_1529,age_3044,age_4564,age_65,educ_college,educ_hsless,educ_university,sex_female,sex_male,minority,white
10001,0.23310708898944194,0.2699095022624435,0.3334841628959276,0.16349924585218703,0.282898773006135,0.6465490797546012,0.0705521472392638,0.505956422443059,0.49404357755694095,0.003748173559494314,0.9962518264405057
10002,0.2176884288747346,0.27355360934182593,0.3314092356687898,0.1773487261146497,0.24510792818236837,0.6867729137246992,0.06811915809293255,0.505273566249176,0.494726433750824,0.004898097061141763,0.9951019029388583
10003,0.2239735203719757,0.28213413192528963,0.3317046260540626,0.16218772164867207,0.25680312824195994,0.6594046764025218,0.08379219535551831,0.5088216355441082,0.4911783644558918,0.004225817101353582,0.9957741828986464
10004,0.29532231789620667,0.3306958343030021,0.31207819408889925,0.061903653711892014,0.35107879924953095,0.5689493433395872,0.0799718574108818,0.49427312775330395,0.505726872246696,0.005222402305060328,0.9947775976949397
10005,0.2305256491450285,0.2807156428119063,0.33826789107029764,0.15049081697276756,0.25895206954302574,0.6695908764654279,0.07145705399154638,0.5050459309095614,0.4949540690904386,0.005023796932839768,0.9949762030671603
10006,0.26849767372054634,0.29483716043824104,0.2991145129821402,0.1375506528590725,0.2950308195723309,0.4801765466859447,0.22479263374172437,0.5188304950253312,0.48116950497466887,0.02153769095917856,0.9784623090408214
10007,0.28025665609558226,0.2999483737738772,0.29338446788111217,0.12641050224942843,0.3013565891472868,0.5267590936195587,0.17188431723315445,0.5244436446523904,0.4755563553476096,0.006803555010726325,0.9931964449892736
11001,0.24686192468619245,0.2777878843005276,0.31671820993269056,0.1586319810805894,0.2718944668376695,0.6101135947233419,0.11799193843898864,0.4983759356023161,0.5016240643976839,0.004914004914004914,0.995085995085995
11002,0.262258543833581,0.24888558692421991,0.2923476968796434,0.19650817236255572,0.2749227202472952,0.5164219474497682,0.20865533230293662,0.5409334353481254,0.4590665646518745,0.019545017622556872,0.9804549823774431
11003,0.245014245014245,0.27546296296296297,0.30146011396011396,0.17806267806267806,0.24627137140778466,0.6658785012731903,0.0878501273190251,0.5122905027932961,0.4877094972067039,0.006633020908435473,0.9933669790915646
11004,0.23372159633377887,0.299408058048501,0.3164025205270193,0.15046782509070078,0.30639278172393936,0.5576886158571703,0.1359186024188904,0.5049873455411642,0.4950126544588358,0.00531591737545565,0.9946840826245443
12001,0.21606581175901282,0.24985885958545045,0.3433341398499879,0.19074118880554886,0.28386096605744127,0.6070496083550914,0.10908942558746736,0.5138870693043365,0.4861129306956636,0.011825572801182557,0.9881744271988174
12002,0.23135755258126195,0.2575442680189542,0.3214731066589076,0.1896250727408762,0.2984758679085521,0.5721422523285351,0.1293818797629128,0.5157064563561021,0.4842935436438979,0.01590033039647577,0.9840996696035242
12003,0.24724508299623377,0.31378155949225833,0.30415678616264474,0.13481657134886316,0.31736400197558734,0.48253721865518945,0.20009877936922318,0.5201716259890784,0.47982837401092165,0.07030537830446673,0.9296946216955333
12004,0.3031207422305846,0.26620385388957374,0.25952118341659636,0.1711542204632453,0.21248674443266172,0.44459172852598094,0.34292152704135737,0.5312413064040505,0.46875869359594946,0.09806052977859145,0.9019394702214085
12005,0.2588608574524067,0.3323015013155858,0.28385698808234017,0.12498065314966722,0.28734827264239027,0.4339402427637722,0.27871148459383754,0.5214051174028871,0.47859488259711297,0.07586727948120632,0.9241327205187937
12006,0.22405697292221005,0.29464704961652843,0.315307559868524,0.16598841759273752,0.3073637586015977,0.5528751087558332,0.139761132642569,0.5100279416330332,0.4899720583669668,0.02254684026675135,0.9774531597332486
12007,0.2119773853563202,0.27102673274237454,0.319327144552244,0.1976687373490612,0.2817011592347628,0.6037266197283266,0.1145722210369106,0.512112676056338,0.48788732394366197,0.017183327528155115,0.9828166724718449
12008,0.23640280021540117,0.35979690745441956,0.3118701438572198,0.09193014847295947,0.35324232081911267,0.5124107973937325,0.13434688178715481,0.5049929511278195,0.49500704887218044,0.05028235011414153,0.9497176498858585
12009,0.19286837215949693,0.27283121337716165,0.334429041017579,0.19987137344576245,0.28203085391468097,0.6011443470703266,0.11682479901499239,0.5065355628827132,0.4934644371172869,0.014170284611673903,0.9858297153883261
12010,0.22253086419753088,0.25655864197530864,0.32067901234567897,0.20023148148148148,0.25952156122127795,0.6160686181932641,0.12440982058545798,0.5256163447804757,0.4743836552195243,0.014848950332821301,0.9851510496671787
12011,0.20131487889273358,0.2816608996539792,0.3128719723183391,0.20415224913494812,0.2899541769474797,0.6107860415932322,0.09925978145928797,0.513006993006993,0.486993006993007,0.022574143391880217,0.9774258566081198
13001,0.2218509596705261,0.2880565700520631,0.33102805190768514,0.15906441836972568,0.21764240506329113,0.6799841772151899,0.10237341772151899,0.5069404093227452,0.4930595906772548,0.0031836572262386414,0.9968163427737614
13002,0.21490510471204188,0.28182264397905754,0.3327061518324607,0.1705660994764398,0.2493295340261482,0.6486758297016426,0.10199463627220919,0.49775001679091946,0.5022499832090805,0.004098075988053067,0.9959019240119469
13003,0.27742125839049936,0.2931326989746994,0.2814044405104374,0.1480416021243638,0.24552772808586762,0.5276535480023852,0.22681872391174718,0.513806882566947,0.48619311743305305,0.02952456321909052,0.9704754367809095
13004,0.23271846469163404,0.2995155580398733,0.3286752375628843,0.13909073970560834,0.2876226062587576,0.5968239140588509,0.11555347968239141,0.504359197907585,0.495640802092415,0.0073937153419593345,0.9926062846580407
13005,0.21991814461118692,0.28722146430195544,0.320600272851296,0.17226011823556162,0.21923686911092452,0.6754361414311036,0.10532698945797182,0.5129874990643012,0.48701250093569876,0.00783978886905224,0.9921602111309478
13006,0.23066525055518006,0.2814521579607995,0.32152167616105054,0.16636091532296998,0.24610255907441908,0.6720266692813021,0.08187077164427885,0.5012533291555695,0.49874667084443053,0.0063515034571474515,0.9936484965428526
13007,0.2688679245283019,0.2766580903373356,0.28130360205831906,0.17317038307604343,0.27701518691588783,0.540668808411215,0.1823160046728972,0.5253915519696251,0.47460844803037494,0.015727311670032433,0.9842726883299676
13008,0.219953097518077,0.2904045339065859,0.3187414500683995,0.17090091850693767,0.27751243781094526,0.6097512437810946,0.1127363184079602,0.5064844296031684,0.4935155703968316,0.007899146253889731,0.9921008537461102
13009,0.24631225354169708,0.2774937929020009,0.29275595151161093,0.1834380020446911,0.2561583686834859,0.5932871920815659,0.15055443923494827,0.5284245361068431,0.47157546389315685,0.03381583748935653,0.9661841625106434
13010,0.2390026714158504,0.285040071237756,0.3105966162065895,0.1653606411398041,0.239642567018684,0.6560158859102807,0.1043415470710353,0.5031954491186179,0.49680455088138215,0.007204610951008645,0.9927953890489913
24001,0.24149842177356917,0.2962301232803287,0.3142755047346793,0.14799595021142278,0.2432938617689705,0.6495287578540357,0.10717738037699372,0.499835255354201,0.500164744645799,0.00425531914893617,0.9957446808510638
24002,0.2294210434071391,0.2700823742478238,0.2814161360051411,0.21908044633989598,0.2293467819404419,0.5045028818443804,0.2661503362151777,0.5319465819391351,0.4680534180608648,0.22127070406645813,0.7787292959335419
24003,0.2115678250778721,0.28626397117205155,0.3161912905393025,0.18597691321077384,0.25330753869196204,0.5644033949076386,0.1822890664003994,0.5119889256933802,0.4880110743066199,0.07832246229107216,0.9216775377089278
24004,0.19580906558622435,0.3125474803747784,0.32774120030387444,0.16390225373512282,0.23849076041465456,0.6626102633442792,0.09889897624106625,0.4995989170761055,0.5004010829238945,0.00668965162352699,0.993310348376473
24005,0.2644053449422577,0.28181873148316106,0.3016506439325231,0.15212527964205816,0.24166614935750202,0.6709292941833758,0.08740455645912223,0.49691358024691357,0.5030864197530864,0.003699260147970406,0.9963007398520296
24006,0.21093243800435885,0.27943688519762033,0.32720739824468403,0.18242327855333684,0.23105105105105106,0.6872072072072072,0.08174174174174174,0.5067230484154511,0.4932769515845489,0.007878639588940544,0.9921213604110595
24007,0.22351405860718948,0.2785027879938308,0.3124925851227904,0.18549056827618937,0.27082694783301664,0.5910623429166921,0.13811070925029117,0.5291264563228162,0.47087354367718387,0.01812892836735754,0.9818710716326424
24008,0.20686003412366888,0.2889333411778549,0.3404130140613049,0.16379361063717127,0.2628367766098828,0.6280053159357255,0.10915790745439169,0.5022417246971287,0.4977582753028713,0.006515301085883514,0.9934846989141165
24009,0.22444780635400907,0.25670196671709533,0.28683812405446296,0.2320121028744327,0.21451612903225806,0.6800248138957816,0.1054590570719603,0.544009900990099,0.455990099009901,0.22543765630582352,0.7745623436941765
24010,0.2012928959493845,0.26174265868922353,0.3515576645347638,0.18540678082662815,0.22178329571106095,0.646303611738149,0.13191309255079006,0.5032734597951989,0.49672654020480106,0.0067199629243424866,0.9932800370756575
24011,0.24342265529841656,0.2763093788063337,0.35937880633373936,0.12088915956151036,0.259840098400984,0.483579335793358,0.2565805658056581,0.5109944046333562,0.4890055953666438,0.19006067900305904,0.809939320996941
24012,0.22501207146306135,0.32617093191694835,0.3271366489618541,0.12168034765813618,0.2811042944785276,0.5493251533742332,0.16957055214723926,0.5054202449669154,0.4945797550330846,0.009363386263815821,0.9906366137361842
24013,0.22337179997347129,0.2835919883273644,0.34540389972144847,0.14763231197771587,0.3049735591405047,0.5425396612892429,0.15248677957025236,0.517517407752618,0.482482592247382,0.010950944239579841,0.9890490557604201
24014,0.202794864937149,0.27487296068467504,0.34654987964696443,0.17578229473121154,0.26815221117586563,0.6143983544737743,0.11744943435035995,0.5035963262144517,0.4964036737855483,0.004971428571428571,0.9950285714285714
24015,0.2305194805194805,0.34015984015984013,0.30862887112887116,0.12069180819180819,0.27427169193984774,0.622286541244573,0.10344176681557919,0.5049918402611117,0.49500815973888834,0.03323706495667923,0.9667629350433208
24016,0.24000980632507968,0.2822995832311841,0.32716352047070363,0.1505270899730326,0.2929318068690891,0.5582379293180687,0.1488302638128422,0.5061432424333233,0.49385675756667663,0.006404672849310857,0.9935953271506891
24017,0.23056282283490975,0.30046286979271486,0.3254846716307775,0.1434896357415979,0.2620736698499318,0.6052523874488404,0.13267394270122784,0.49918792895688163,0.5008120710431183,0.012866063738156762,0.9871339362618432
24018,0.24937255995538204,0.2749581706636921,0.3175543781372002,0.1581148912437256,0.26947564203448027,0.6294441662493742,0.10108019171614564,0.5048631022656996,0.4951368977343003,0.0061021677224385425,0.9938978322775615
24019,0.19075062255425115,0.2765563856278904,0.3473496976165066,0.18534329420135182,0.23321989718340452,0.6824994569546015,0.08428064586199406,0.5078276165347405,0.49217238346525943,0.0035555019886706037,0.9964444980113294
24020,0.2545677498467198,0.33697118332311465,0.31220110361741266,0.09625996321275292,0.2571305099394987,0.5840844548709717,0.15878503518952958,0.5132315643393789,0.48676843566062117,0.03691947062557992,0.9630805293744201
24021,0.25529739248991645,0.2658637732204738,0.2771118559336477,0.20172697835596204,0.2277751919944147,0.596055387479637,0.17616942052594833,0.5160878321953136,0.4839121678046863,0.11468191710106787,0.8853180828989321
24022,0.2369432104694441,0.2788449993996879,0.319846320086445,0.1643654700444231,0.25027556644213106,0.5866503368034293,0.16307409675443968,0.5221749547699379,0.4778250452300621,0.17008207038920498,0.829917929610795
24023,0.2559057472639196,0.3171461037019317,0.29358291968183725,0.13336522935231146,0.23091417456844154,0.5068076829564795,0.262278142475079,0.5190953804609895,0.48090461953901054,0.06604987136354641,0.9339501286364535
24024,0.24154840198453906,0.3067382023768317,0.28521979923849083,0.16649359640013844,0.20093264860397853,0.5589398500678826,0.24012750132813884,0.5183600884360281,0.48163991156397196,0.16538974840591172,0.8346102515940883
24025,0.19604694255713404,0.2592340951204447,0.35225447807288446,0.19246448424953677,0.2327388535031847,0.6571337579617834,0.11012738853503184,0.5083206494165399,0.4916793505834602,0.006325444098887776,0.9936745559011122
24026,0.23949708678319534,0.27494633547991415,0.3287335173259736,0.1568230604109169,0.32764845014315946,0.5573260301257315,0.11502551973110918,0.5065065568004823,0.49349344319951766,0.004902213736518913,0.9950977862634811
24027,0.21173964793585165,0.3158554156486876,0.3197393973563867,0.1526655390590741,0.25683929253085636,0.39063494083216693,0.3525257666369767,0.5141018818634803,0.4858981181365198,0.13470988236462003,0.86529011763538
24028,0.21348450126643348,0.2812688457363406,0.3229405379326981,0.18230611506452782,0.2457579362594703,0.6433535783607789,0.1108884853797508,0.5249162793022442,0.4750837206977558,0.06613080014614542,0.9338691998538546
24029,0.22464111994305375,0.2767825364811959,0.3047217938070945,0.19385454976865582,0.23235241018234337,0.6286333273153999,0.13901426250225674,0.5291871249318058,0.4708128750681942,0.18359890388714098,0.816401096112859
24030,0.17622368989568546,0.2652922659095117,0.3714585519412382,0.18702549225356457,0.23465955961672696,0.6274509803921569,0.13788945999111618,0.5023647953937899,0.49763520460621014,0.004577389823291463,0.9954226101767085
24031,0.3153424657534246,0.3248219178082192,0.2372054794520548,0.12263013698630137,0.24646132940776808,0.37481598912920394,0.37872268146302795,0.47837717342844405,0.5216228265715559,0.10942700599109018,0.8905729940089099
24032,0.23969336633065733,0.2638377497434659,0.31979235830264985,0.1766765256232269,0.2608934121518679,0.5944298860381498,0.14467670180998232,0.5223700728094401,0.47762992719055986,0.09713905522288756,0.9028609447771124
24033,0.22131350681536555,0.32087980173482034,0.30693928128872366,0.15086741016109045,0.2618524332810047,0.5544113029827316,0.18373626373626373,0.5087771057678123,0.4912228942321876,0.09965307456382926,0.9003469254361708
24034,0.22871345029239765,0.26263157894736844,0.32953216374269007,0.17912280701754385,0.285944976076555,0.5837918660287081,0.13026315789473683,0.5131115081856377,0.4868884918143623,0.0038340885325897525,0.9961659114674103
24035,0.2397341859444549,0.2828662779763024,0.33910099680270833,0.1382985392765344,0.26094971711906423,0.5039730468501684,0.23507723603076727,0.5199876840970904,0.48001231590290966,0.05212872066775159,0.9478712793322485
24036,0.25582797427652737,0.3242899249732047,0.3208065380493033,0.09907556270096463,0.31364838294121633,0.5207810699030443,0.16557054715573938,0.4969073236654712,0.5030926763345288,0.007558820398168849,0.9924411796018312
24037,0.2604992657856094,0.21380323054331865,0.33920704845814975,0.18649045521292218,0.26751516593315094,0.34816224574759125,0.38432258831925775,0.5330980589866398,0.46690194101336024,0.033973336078653424,0.9660266639213466
24038,0.24844435711010676,0.3196436759022729,0.3288792821117443,0.10303268487587608,0.3181668315199473,0.5158588855918234,0.16597428288822946,0.5106271594597425,0.4893728405402576,0.010764147927102206,0.9892358520728978
24039,0.23904440861791001,0.3152572182324491,0.33006009086911914,0.11563828228052175,0.27061702758825273,0.6385345594778997,0.09084841293384752,0.49303216815700845,0.5069678318429915,0.004220161673799334,0.9957798383262007
24040,0.23344925296239052,0.3417697063369397,0.3101494075218959,0.11463163317877384,0.27916557677216847,0.5052314935914204,0.2156029296364112,0.5141150112023899,0.48588498879761016,0.03315453384418902,0.966845466155811
24041,0.2015921518173046,0.26182052106786746,0.3406239948536507,0.19596333226117724,0.21701316988321045,0.6997432286921229,0.08324360142466661,0.5048685169238921,0.4951314830761078,0.002889974540700475,0.9971100254592995
24042,0.22152115767094163,0.2457307454907071,0.3353679445854194,0.1973801522529319,0.2576057733125796,0.6619499080232064,0.08044431866421395,0.5048362463940268,0.4951637536059732,0.004059301094246382,0.9959406989057537
24043,0.22614710059902426,0.36207003025998885,0.3118013956647935,0.09998147347619342,0.26089395922947445,0.6603703011034225,0.07873573966710305,0.49398657467835166,0.5060134253216483,0.00857551214864221,0.9914244878513578
24044,0.21157436216552583,0.2584940883634101,0.28002489110143125,0.24990665836963286,0.17531969309462916,0.4593989769820972,0.36528132992327367,0.536226054603047,0.4637739453969531,0.3152670962377884,0.6847329037622116
24045,0.22115554508510515,0.2871193827669474,0.29518817362624417,0.19653689852170328,0.2161233957944207,0.5192504669518587,0.26462613725372053,0.5279155724151348,0.4720844275848653,0.1829744616925388,0.8170255383074612
24046,0.289403532155948,0.3231422859046984,0.28648783738753747,0.10096634455181605,0.22262527416905686,0.6872785557617682,0.09009617006917496,0.4932087763505624,0.5067912236494376,0.005539817437834435,0.9944601825621656
24047,0.3042571463624095,0.2879401300453932,0.24530732425469265,0.1624953993375046,0.19026603679761311,0.35803083043262063,0.45170313276976626,0.5236168032786885,0.47638319672131146,0.2729266764152914,0.7270733235847086
24048,0.28148275466941675,0.3013062908215882,0.2494557121576716,0.1677552423513235,0.20852587800369685,0.6067467652495379,0.18472735674676524,0.5124892744780246,0.4875107255219754,0.3347855552328396,0.6652144447671604
24049,0.24821648216482162,0.2875153751537516,0.3301353013530135,0.1341328413284133,0.2637280537915577,0.4694932137965384,0.26677873241190386,0.5118144270483143,0.48818557295168574,0.23571991333464645,0.7642800866653535
24050,0.20523619007510352,0.3262441215694532,0.3282796378184881,0.14024005053695515,0.24015022675736963,0.6311649659863946,0.12868480725623582,0.49824465167306636,0.5017553483269336,0.0069996640161272255,0.9930003359838728
24051,0.21450518042157912,0.32090032154340836,0.3231868524473026,0.1414076455877099,0.29136323914943196,0.5468249344596563,0.16181182639091174,0.4927807032444369,0.5072192967555631,0.0046026567233745045,0.9953973432766255
24052,0.23925908391525624,0.23730619008166648,0.29926618534737837,0.2241685406556989,0.2480009766221083,0.5081486907159861,0.24385033266190564,0.5312549621552957,0.4687450378447044,0.028920414087747166,0.9710795859122529
24053,0.22287175739861162,0.3312020460358056,0.33248081841432225,0.11344537815126052,0.27731971449667736,0.5852818114693576,0.13739847403396505,0.5053534205040743,0.4946465794959257,0.011045976454629135,0.9889540235453709
24054,0.2027270388474402,0.2575250836120402,0.3484049395420633,0.1913429379984564,0.2767980978799287,0.6287563569116967,0.09444554520837461,0.5069033530571992,0.4930966469428008,0.004963874027908003,0.995036125972092
24055,0.2325172630257376,0.2676710608913999,0.32397991211550536,0.17583176396735717,0.26254277781365015,0.6421514818880352,0.09530574029831472,0.5041226162173099,0.4958773837826901,0.004772894157138361,0.9952271058428617
24056,0.2249859075535513,0.25979425028184894,0.33652762119503943,0.17869222096956033,0.2597864768683274,0.5983731570920183,0.1418403660396543,0.5124540628828093,0.4875459371171907,0.004486207941800545,0.9955137920581995
24057,0.2480846914612063,0.345103774899011,0.3024794539629475,0.10433207967683522,0.2865472427116263,0.5876361081840533,0.12581664910432033,0.5095240621849632,0.4904759378150369,0.01965987868284229,0.9803401213171578
24058,0.22088081305820756,0.2585155528179859,0.3256544502617801,0.19494918386202648,0.2673392981788184,0.6410305222412589,0.09163017957992259,0.507364892320195,0.49263510767980495,0.0029560810810810812,0.997043918918919
24059,0.2199958968747863,0.3108117349381112,0.3212747042330575,0.147917663954045,0.25122463261021694,0.6464660601819454,0.10230930720783765,0.5069353429445173,0.49306465705548275,0.006816901408450704,0.9931830985915493
24060,0.25184460171660894,0.27646438789338956,0.3189278723083873,0.1527631380816142,0.27469730855247937,0.6386211151384283,0.08668157630909232,0.49621830943304895,0.5037816905669511,0.0029435711154255652,0.9970564288845745
24061,0.2790658882402002,0.30280789546844594,0.2514317486794551,0.1666944676118988,0.24025128756579323,0.5217612768124964,0.23798743562171035,0.5242620590352772,0.4757379409647228,0.1443349512183164,0.8556650487816836
24062,0.2379403115810549,0.30532440718263154,0.34705624726271667,0.10967903397359695,0.2669918287198328,0.5563438271995946,0.17666434408057263,0.5088222211239065,0.4911777788760935,0.062474686107735926,0.9375253138922641
24063,0.2373652072235936,0.2778355203325971,0.31512277510718467,0.16967649733662465,0.23849344393898847,0.6645036125234145,0.097002943537597,0.5090689872090585,0.4909310127909415,0.006803831918136294,0.9931961680818637
24064,0.23488706097401751,0.2977542760151456,0.31433607520564044,0.1530225878051965,0.2577353740144438,0.6239316239316239,0.11833300205393228,0.5044886098282393,0.49551139017176066,0.009728350433257137,0.9902716495667429
24065,0.2299537393986122,0.2598946286301722,0.32690824980724753,0.18324338216396813,0.23233043703799766,0.5533653222668914,0.2143042406951109,0.5298845068923306,0.47011549310766937,0.09262770164129787,0.9073722983587021
24066,0.23754443038737275,0.27598048075185255,0.2730284956925116,0.21344659316826314,0.2015570403972292,0.5206890210261754,0.27775393857659536,0.5226313205694649,0.4773686794305351,0.38432892154395853,0.6156710784560415
24067,0.24108108108108106,0.2852852852852853,0.2870870870870871,0.18654654654654654,0.21833745252878412,0.6612815721261076,0.12038097534510821,0.528825691623138,0.4711743083768621,0.30312821265971507,0.6968717873402849
24068,0.19814803607093143,0.2515886945469951,0.3358954185075349,0.21436785087453852,0.27938798358004724,0.6355268068167683,0.08508520960318447,0.5105846774193549,0.4894153225806452,0.0021936696960200563,0.9978063303039799
24069,0.2369566629848613,0.2945227730491846,0.3183029042947177,0.15021765967123643,0.23958749168330007,0.6585495675316035,0.10186294078509647,0.5057674321937026,0.49423256780629743,0.006494552090601686,0.9935054479093983
24070,0.2668282338685247,0.24580430172674947,0.299121478339897,0.18824598606482884,0.27978135209851723,0.5268283488313646,0.19339029907011812,0.527964431869853,0.472035568130147,0.029827150084317033,0.970172849915683
24071,0.23763433207600881,0.37854956942566365,0.29698953811116646,0.08682656038716105,0.27312775330396477,0.6007077345273344,0.1261645121687008,0.5008293648670341,0.4991706351329659,0.013399231191652938,0.986600768808347
24072,0.21739130434782608,0.253294289897511,0.3279648609077599,0.20134954484690304,0.27935222672064774,0.5711114013321144,0.14953637194723782,0.5276600311208886,0.47233996887911145,0.009806637486841376,0.9901933625131586
24073,0.21363607852976227,0.3460452863325597,0.31581258232453113,0.12450605281314683,0.28287054646887283,0.5578166603271206,0.1593127932040066,0.5040112120626329,0.4959887879373671,0.017375851515450687,0.9826241484845493
24074,0.22351088201603664,0.3449312714776632,0.3271048109965636,0.10445303550973653,0.296965737514518,0.5058797909407665,0.19715447154471544,0.5029288240495137,0.4970711759504863,0.009857798425018412,0.9901422015749816
24075,0.29652576722640417,0.26601042269832076,0.2723219455703532,0.16514186450492185,0.17855453039981073,0.31192334989354153,0.5095221197066477,0.5135521412893675,0.48644785871063245,0.23530954879328436,0.7646904512067156
35001,0.24980163977783654,0.36815657233536103,0.2853742396191484,0.09666754826765406,0.29912707403211836,0.5371493303125209,0.16372359565536082,0.5089027321332221,0.4910972678667779,0.26313149049315204,0.7368685095068479
35002,0.2128137879355564,0.2747845635069315,0.3279130760584489,0.1844885724990633,0.2740808264965056,0.644181099969614,0.08173807353388028,0.5014639976097999,0.4985360023902002,0.010611543887628043,0.9893884561123719
35003,0.23534932832756497,0.28427289259107175,0.31225435560509185,0.1681234234762715,0.2730684458211712,0.46226246500268064,0.26466908917614823,0.5084745762711864,0.4915254237288136,0.06820346732710993,0.9317965326728901
35004,0.26629411025995225,0.348737912846917,0.2507848800703253,0.1341830968228055,0.314488309697202,0.5636897917465185,0.12182189855627955,0.5121278417197755,0.4878721582802245,0.048463530216424834,0.9515364697835752
35005,0.22013881114966977,0.3607410724280757,0.2752154931154147,0.1439046233068398,0.21224282161428895,0.4994912955007913,0.2882658828849197,0.5207869507928574,0.4792130492071425,0.2938726397630507,0.7061273602369493
35006,0.2838077813054943,0.3212075552924716,0.29575418393155034,0.09923047947048377,0.23565019997838071,0.6244730299427088,0.1398767700789104,0.49913637111367,0.50086362888633,0.48470922459893045,0.5152907754010695
35007,0.29356500084894444,0.3586507442413266,0.28343426339917366,0.0643499915105552,0.26236388384754994,0.5811592558983666,0.15647686025408347,0.5018341274191508,0.49816587258084916,0.41387877489826513,0.5861212251017348
35008,0.2797159090909091,0.3464772727272727,0.2635227272727273,0.11028409090909091,0.2537398979767295,0.5937410443056113,0.1525190577176592,0.5043425395171096,0.4956574604828904,0.3665058214175041,0.6334941785824959
35009,0.237517154016679,0.2814842183046553,0.3008022801646786,0.1801963475139871,0.2804412160344364,0.6186171643798762,0.10094161958568738,0.5128748234903231,0.4871251765096769,0.042021481449783904,0.9579785185502161
35010,0.21177385892116182,0.27852697095435686,0.31052904564315353,0.19917012448132781,0.2939851199832338,0.4880540710468406,0.2179608089699256,0.5185185185185185,0.48148148148148145,0.06906481003953928,0.9309351899604608
35011,0.25818396479553507,0.322528710958463,0.2802404207362885,0.13904690350971344,0.27061771434796816,0.6176054036387406,0.11177688201329121,0.507029440952696,0.492970559047304,0.08525453233133784,0.9147454676686622
35012,0.2178078166323832,0.3565089626799882,0.3156626506024096,0.11002057008521893,0.28526496943801555,0.42187407275532607,0.2928609578066584,0.5025690999291282,0.4974309000708717,0.10071583907212758,0.8992841609278724
35013,0.24269782262347317,0.27928246887354696,0.29084793768808637,0.1871717708148935,0.2442896092093305,0.6573159648591336,0.0983944259315359,0.5098130190692711,0.4901869809307289,0.050418148610977605,0.9495818513890224
35014,0.21850070032275742,0.34589854454661717,0.2946227391754461,0.14097801595517934,0.30695206958238236,0.5657886620196163,0.12725926839800136,0.5048076923076923,0.4951923076923077,0.03264443400657586,0.9673555659934241
35015,0.2915607936422122,0.326539438827918,0.24809428555982052,0.1338054819700492,0.15940923211074173,0.6750231620251785,0.1655676058640798,0.5021669909782417,0.49783300902175837,0.3159314717388372,0.6840685282611628
35016,0.24012439982540376,0.3159646442601484,0.27526189436927107,0.16864906154517678,0.20524089435807286,0.4671208042630336,0.3276383013788936,0.5222301262671172,0.4777698737328828,0.5372999367031377,0.4627000632968623
35017,0.2263250039789909,0.30081171414929175,0.2899358056130299,0.18292747625868747,0.1767557087462301,0.3926109435588109,0.4306333476949591,0.5273870098772823,0.47261299012271774,0.39438467593807397,0.605615324061926
35018,0.23063086213542336,0.3473596299627393,0.30592316587434154,0.11608634202749582,0.2938499544922637,0.5540891951631777,0.15206085034455857,0.4999515644676935,0.5000484355323065,0.04095309009679821,0.9590469099032017
35019,0.2212968812819482,0.3069898340129803,0.27080581241743723,0.20090747228763425,0.16909059050289119,0.45458793294784183,0.376321476549267,0.5363417791751434,0.4636582208248567,0.21191424777082146,0.7880857522291785
35020,0.2351331630791682,0.2881551745105193,0.30925452997689407,0.16745713243341845,0.288016861942843,0.6193044448577274,0.09267869319942967,0.505553986632778,0.49444601336722205,0.022761465663673864,0.9772385343363261
35021,0.24096183887525108,0.31717250613702297,0.30450792233876367,0.13735773264896228,0.26774356953903306,0.6015084144762762,0.1307480159846907,0.49943994485610893,0.5005600551438911,0.03231771750616414,0.9676822824938358
35022,0.20480377439416686,0.26056187004074627,0.29455286296375727,0.2400814926013296,0.22077077348365765,0.505393246246409,0.27383598026993333,0.5251204100570015,0.47487958994299856,0.2230692890653194,0.7769307109346806
35023,0.20215042538754632,0.3165092123806044,0.28910694712667673,0.1922334151051725,0.22664697505142678,0.5005538266786222,0.27279919826995097,0.5152937087243656,0.48470629127563436,0.19088937093275488,0.8091106290672451
35024,0.2801149425287356,0.3148850574712644,0.2610344827586207,0.1439655172413793,0.20515227979578662,0.6470277565870548,0.14781996361715863,0.5102721685689201,0.4897278314310799,0.6318877205650074,0.36811227943499253
35025,0.21405916240533368,0.31911450579325523,0.3189203184672147,0.1479060133341964,0.24990035870864885,0.6303308090872858,0.11976883220406537,0.5037029573278251,0.49629704267217495,0.012860055413246902,0.9871399445867531
35026,0.20217469231688373,0.24417493129406143,0.3302664595531127,0.22338391683594216,0.2832398145889241,0.6122834837765309,0.104476701634545,0.5097294959880844,0.49027050401191563,0.011993854388660356,0.9880061456113396
35027,0.2743791995325738,0.3106047326906223,0.26199240432369264,0.1530236634531113,0.23858773181169757,0.5184854969091774,0.24292677127912507,0.5103368176538908,0.48966318234610917,0.11613026454015854,0.8838697354598415
35028,0.22052140636211431,0.27481463764649605,0.3186438651040421,0.18602009088734753,0.28234579155271955,0.6339106654512306,0.08374354299604983,0.5040707798014025,0.4959292201985976,0.014722975590856257,0.9852770244091438
35029,0.18486379613356768,0.2507688927943761,0.33089850615114236,0.23346880492091387,0.2857222532069158,0.6235359732292247,0.09074177356385946,0.5046484859217284,0.49535151407827166,0.009317758283714377,0.9906822417162856
35030,0.24565401393319877,0.3722247542157693,0.2938993424051045,0.08822188944592747,0.27501313025210083,0.4569327731092437,0.2680540966386555,0.5051698670605613,0.4948301329394387,0.11165317105064627,0.8883468289493537
35031,0.26415478615071286,0.28940936863543787,0.2625254582484725,0.1839103869653768,0.2276931161324225,0.6233315817130847,0.1489753021544929,0.5062787777312683,0.49372122226873166,0.15705851710366384,0.8429414828963362
35032,0.22968160314676023,0.28464359751235846,0.30159995747621327,0.18407484186466805,0.24962614825891905,0.6603823969237342,0.08999145481734672,0.5131814691579217,0.4868185308420783,0.08937481018699293,0.9106251898130071
35033,0.24067046173308032,0.30139152435167615,0.27535315201349353,0.18258486190174994,0.28400383141762453,0.6081843337590465,0.10781183482332908,0.518059897975975,0.481940102024025,0.13294627455929992,0.8670537254407
35034,0.22023773968102264,0.24413117495967984,0.3268024610238337,0.20882862433546384,0.28494820231566115,0.6195003046922608,0.095551492992078,0.50609410430839,0.49390589569161,0.011281500293025982,0.988718499706974
35035,0.26871192341166233,0.3040687554395126,0.28535683202785034,0.14186248912097477,0.24242756804214222,0.6619841966637401,0.09558823529411764,0.49874178098871663,0.5012582190112834,0.009711961484186935,0.990288038515813
35036,0.2614559466777755,0.2759320974796917,0.2836908977296396,0.17892105811289316,0.26967199870738406,0.5056821241988474,0.22464587709376851,0.512490408389462,0.487509591610538,0.05584634492547906,0.944153655074521
35037,0.256074659989757,0.30450122346781994,0.27690206566892395,0.1625220508734991,0.2575134634315826,0.5893219063060977,0.15316463026231977,0.510399202501246,0.4896007974987539,0.11176306230790724,0.8882369376920928
35038,0.2788499933448689,0.30706774923465996,0.28849993344868896,0.12558232397178226,0.2612313937753721,0.6071041948579161,0.13166441136671178,0.5020356234096692,0.49796437659033077,0.075932806530954,0.924067193469046
35039,0.27671097981290005,0.3121614967996061,0.2724437879533891,0.1386837354341047,0.23490524460114587,0.49779638607315996,0.2672983693256941,0.50929496901677,0.49070503098323004,0.13146037635833555,0.8685396236416645
35040,0.19966057155370634,0.2819993430417168,0.3315996934194679,0.18674039198510894,0.3080137798610719,0.5879030891737731,0.10408313096515502,0.5067962010978478,0.49320379890215216,0.009660302054514944,0.990339697945485
35041,0.19687997453040434,0.27539000318369944,0.3255651066539319,0.20216491563196434,0.32003891050583655,0.5640077821011673,0.11595330739299611,0.5113821968150265,0.48861780318497344,0.015076696785038873,0.9849233032149611
35042,0.2641430199772032,0.3279140920271162,0.27806107144999703,0.1298818165456836,0.28677009528463226,0.6117762032738823,0.10145370144148547,0.512092148134551,0.48790785186544905,0.12665691777914054,0.8733430822208594
35043,0.28572220067593773,0.27043049476425285,0.26682918721258797,0.17701811734722145,0.2448314606741573,0.5132584269662921,0.24191011235955057,0.5173300280034889,0.482669971996511,0.11482803984213494,0.885171960157865
35044,0.24481557263728365,0.27943372228059504,0.29906542056074764,0.17668528452137366,0.2752733764784646,0.48303950011158225,0.24168712340995313,0.5276259056763124,0.4723740943236876,0.09112786051580095,0.9088721394841991
35045,0.27728235425259173,0.29199643295061867,0.32566046148701366,0.10506075130977593,0.2002463192073,0.535800257515535,0.2639534232771651,0.5068481123792801,0.49315188762071993,0.7074294404437089,0.2925705595562911
35046,0.227387236084453,0.2775311900191939,0.3113003838771593,0.18378119001919385,0.2921389620734024,0.617241590588812,0.09061944733778568,0.5034821219911194,0.4965178780088806,0.014697378565921357,0.9853026214340787
35047,0.2767366176635619,0.34350802379082035,0.28863202783077097,0.09112333071484682,0.23492852703542572,0.5079383015989604,0.25713317136561387,0.5107193901858028,0.48928060981419724,0.5165194346289753,0.48348056537102474
35048,0.26123693815309235,0.3185340732963352,0.2836858157092146,0.13654317284135792,0.22634116937914406,0.5393309222423146,0.23432790837854128,0.5080950463149416,0.4919049536850584,0.4411656366389719,0.5588343633610281
35049,0.27531140210795274,0.32167571595869265,0.3170446076865751,0.08596827424677951,0.23803425644309267,0.4785763833306653,0.28338936022624195,0.5064775838816462,0.49352241611835385,0.40918354614648755,0.5908164538535124
35050,0.22921569700618466,0.30523780854906685,0.31065623118603247,0.154890263258716,0.2384640920659511,0.5133340710412748,0.24820183689277414,0.5080578241691052,0.4919421758308949,0.2070303787304278,0.7929696212695722
35051,0.2648430039880919,0.3888670448800764,0.27691962028871536,0.06937033084311633,0.2595785440613027,0.4846743295019157,0.2557471264367816,0.5052877008909984,0.4947122991090016,0.3733818427954988,0.6266181572045012
35052,0.2363337443485409,0.344019728729963,0.3137807527449944,0.10586577417650167,0.28879618593563766,0.42616209773539926,0.285041716328963,0.5021182621236705,0.49788173787632956,0.11437953841172933,0.8856204615882707
35053,0.23859802574034739,0.3584280894664501,0.29332750218668,0.10964638260652255,0.2741966153261076,0.4959751537047601,0.22982823096913227,0.5113968710830509,0.48860312891694907,0.09539473684210527,0.9046052631578947
35054,0.20818012391074397,0.2698836447892006,0.30645242532614714,0.21548380597390823,0.257552483358935,0.6276497695852534,0.11479774705581157,0.514942434882012,0.4850575651179881,0.04713381138088649,0.9528661886191135
35055,0.22236438075742068,0.2979145342886387,0.3139073694984647,0.16581371545547596,0.310073486375756,0.5467256291864473,0.14320088443779672,0.5039680583624981,0.49603194163750186,0.027250583578605502,0.9727494164213945
35056,0.22174004339609435,0.3051725344718975,0.33337999580037797,0.13970742633163014,0.2928491149199213,0.625526833380163,0.08162405169991571,0.4996141124586549,0.500385887541345,0.008975653539773365,0.9910243464602266
35057,0.22868058398144359,0.27288852503752214,0.3167553554373038,0.1816755355437304,0.29680747246619266,0.5837864213021051,0.11940610623170221,0.5155429071803853,0.4844570928196147,0.01272264631043257,0.9872773536895675
35058,0.2030842971762009,0.2818589142440346,0.312910284463895,0.20214650411586954,0.2995536188755447,0.6082474226804124,0.09219895844404294,0.5063348790990394,0.4936651209009606,0.01733635082625219,0.9826636491737478
35059,0.23958155665472738,0.315879242708511,0.32014327136278353,0.12439592927397805,0.2536057692307692,0.4937042124542125,0.2526900183150183,0.5051085850767394,0.49489141492326066,0.27355252461385604,0.726447475386144
35060,0.224335250241986,0.2851449069065649,0.32762056596253486,0.1628992768889142,0.2499279829463617,0.4476003917727718,0.3024716252808665,0.5139132389300967,0.48608676106990334,0.10848861283643893,0.891511387163561
35061,0.2536199599019826,0.3185007796836712,0.28285809757184227,0.1450211628425039,0.2815102408282692,0.6305424262885437,0.08794733288318704,0.5116995875841112,0.48830041241588884,0.06431296017031846,0.9356870398296815
35062,0.28786121337435067,0.30495738564728425,0.26461243633062687,0.14256896464773816,0.18599753441545097,0.3896650914320937,0.4243373741524553,0.5076528393773372,0.4923471606226628,0.1849939922566864,0.8150060077433136
35063,0.2554717447755657,0.31878323234821315,0.34388524792877456,0.08185977494744652,0.2582218331874453,0.46454920595223204,0.2772289608603226,0.5115572642270635,0.48844273577293656,0.13417783191230206,0.865822168087698
35064,0.2570314968924471,0.3016959865163805,0.27256926156115036,0.16870325503002212,0.22769378194207837,0.47050681431005115,0.3017994037478705,0.5198206799219626,0.48017932007803743,0.2763258379295715,0.7236741620704286
35065,0.2728333333333333,0.2791666666666667,0.28655555555555556,0.16144444444444445,0.1966592044084725,0.4882038918546582,0.3151369037368693,0.517508999953247,0.482491000046753,0.19975734045134677,0.8002426595486533
35066,0.2399188164289911,0.28024355071302676,0.2658761950542114,0.21396143780377075,0.23864628820960698,0.4578056768558952,0.30354803493449783,0.5240460699841745,0.4759539300158256,0.23502512790329153,0.7649748720967084
35067,0.23565300285986654,0.28522402287893234,0.2894184938036225,0.18970448045757865,0.2740946355948615,0.6383706668388096,0.08753469756632884,0.5074441687344913,0.49255583126550867,0.02087480222528454,0.9791251977747154
35068,0.23556812510397604,0.3603948316974436,0.2582487661509455,0.1457882770476349,0.1981441665723662,0.4358945343442344,0.36596129908339936,0.5123732440226998,0.4876267559773002,0.26785629085357127,0.7321437091464288
35069,0.18539046400909542,0.2489874227243658,0.3384495132523272,0.2271726000142116,0.27727603787327026,0.6095411507647488,0.11318281136198106,0.5037812681791739,0.49621873182082604,0.0073330528340445995,0.9926669471659554
35070,0.25128108986376707,0.27834020747406574,0.28602674665666794,0.1843519560054993,0.25403921067756563,0.6541286161312982,0.09183217319113608,0.5069861237816297,0.4930138762183704,0.020106240381273892,0.9798937596187262
35071,0.22216121238743686,0.2475291016911926,0.30754447616955854,0.22276520975181197,0.283076059500421,0.5795677799607073,0.13735616053887173,0.5221930954814058,0.4778069045185942,0.0259543387385732,0.9740456612614268
35072,0.2575145538790543,0.30854223595105146,0.33224426755376024,0.10169894261613402,0.28226095260833234,0.5035812343320998,0.21415781305956785,0.5099557522123894,0.49004424778761063,0.3359345618653629,0.664065438134637
35073,0.2098435499137019,0.25544234730805637,0.31496019152608434,0.21975391125215746,0.2827272727272727,0.6180681818181818,0.09920454545454545,0.5150518251464624,0.48494817485353764,0.022719881057473402,0.9772801189425266
35074,0.21352793673246317,0.28489680447502086,0.30257828071754644,0.19899697807496947,0.2880545180525523,0.6114278225542231,0.10051765939322456,0.5082839026385764,0.4917160973614236,0.01583793738489871,0.9841620626151013
35075,0.24977111467154955,0.32833600366216525,0.30247196154726486,0.11942092011902036,0.21146006774989953,0.4589768616868577,0.3295630705632428,0.5128956623681126,0.48710433763188743,0.4142732811140122,0.5857267188859878
35076,0.22327535139210514,0.2543486455921159,0.3019010178254079,0.22047498519037106,0.26154524413093794,0.5962746610823322,0.14218009478672985,0.5222498005495967,0.4777501994504033,0.06342465753424657,0.9365753424657535
35077,0.2400794661504763,0.32137945086852426,0.2654475064948296,0.17309357648616983,0.17019065925502624,0.37046080315860563,0.4593485375863681,0.5449931594509908,0.45500684054900925,0.2236990822369908,0.7763009177630091
35078,0.22795635505750517,0.25909761132409315,0.32025951046888823,0.1926865231495134,0.3187582246680225,0.5707620528771384,0.1104797224548391,0.5143099228017323,0.48569007719826773,0.026159276630723854,0.9738407233692762
35079,0.21193373204097066,0.26362823949955316,0.3291400288719324,0.19529799958754382,0.2784527300656333,0.5969138388493227,0.12463343108504399,0.5155231035059361,0.4844768964940639,0.011223730172364428,0.9887762698276356
35080,0.2462061889074904,0.2733704163741427,0.29491818329102987,0.18550521142733706,0.18487669443083454,0.5698187163155316,0.24530458925363385,0.5251461466375117,0.4748538533624883,0.6926818181818182,0.3073181818181818
35081,0.23240451597405717,0.31431659860677397,0.2640523660821523,0.18922651933701656,0.22449850618864703,0.5891104200963356,0.18639107371501737,0.5178382536782383,0.48216174632176173,0.5178474718133032,0.48215252818669685
35082,0.25254140491147914,0.3020559680182753,0.28075385494003424,0.1646487721302113,0.22682320282227747,0.5937192759238911,0.17945752125383146,0.5191103717000132,0.4808896282999869,0.5419508255563532,0.4580491744436468
35083,0.280771319934818,0.3072786529060293,0.3007061379684954,0.11124388919065725,0.20309857618242322,0.580219300638263,0.21668212317931373,0.5139125981563674,0.48608740184363264,0.8458165081846207,0.15418349181537927
35084,0.2214843979549862,0.33307868601986246,0.2776047481929835,0.16783216783216784,0.22539060179409492,0.5861700231687756,0.18843937503712946,0.5168112543962485,0.48318874560375147,0.43447879774097825,0.5655212022590217
35085,0.2089978448275862,0.3072198275862069,0.30673491379310347,0.17704741379310346,0.3001093493712411,0.5843630399125205,0.11552761071623838,0.5012576507084766,0.49874234929152345,0.01949896694214876,0.9805010330578512
35086,0.2035305185103204,0.268662497924852,0.3211775773338498,0.2066294062309778,0.30132956152758134,0.5901555869872701,0.10851485148514851,0.5108546059933408,0.48914539400665924,0.01809934017595308,0.981900659824047
35087,0.21037409619616473,0.2767054385413392,0.3195221628418736,0.19339830242062245,0.2764494150919141,0.6348502378197711,0.08870034708831469,0.5119255091370811,0.4880744908629189,0.023284502698535083,0.9767154973014649
35088,0.23344691654974276,0.2550945413242467,0.30948085788735213,0.2019776842386584,0.2773946883320817,0.5773878609954257,0.14521745067249267,0.524845406360424,0.47515459363957596,0.027994310099573257,0.9720056899004268
35089,0.2660394408122043,0.2703449742199543,0.33971190134481477,0.12390368362302663,0.2019512715252972,0.4422348989710508,0.355813829503652,0.508311240163279,0.49168875983672095,0.28882027531197735,0.7111797246880226
35090,0.23012160898035547,0.2830826797150464,0.30538965244297334,0.1814060588616248,0.2900584795321638,0.601827485380117,0.1081140350877193,0.5047378395451674,0.4952621604548326,0.01641086186540732,0.9835891381345927
35091,0.23352276920805964,0.2911653996604916,0.30378625728836073,0.17152557384308803,0.28389798818338197,0.5668237229825742,0.14927828883404382,0.5070397643593519,0.492960235640648,0.01986834953801558,0.9801316504619845
35092,0.23518365507398784,0.2941485765792834,0.3072185082250432,0.1634492601216856,0.28426589419118764,0.6385119682878488,0.07722213752096356,0.5016112966543622,0.4983887033456378,0.00909036180844019,0.9909096381915599
35093,0.25792917436691476,0.3613705609110434,0.2624244543229609,0.11827581039908097,0.18210862619808307,0.38110451848471016,0.43678685531720673,0.4828302948945568,0.5171697051054432,0.41282945565317203,0.5871705443468279
35094,0.22554955544646266,0.36202476408661977,0.2692958053782796,0.14312987508863798,0.18395150975921704,0.526719679697492,0.2893288105432909,0.5120696656589812,0.4879303343410188,0.3627437358158492,0.6372562641841508
35095,0.30787827823619063,0.34077889315183685,0.22136963262731907,0.1299731959846534,0.14713297216113286,0.4353376602478142,0.41752936759105297,0.5041426765903665,0.49585732340963345,0.35346938775510206,0.6465306122448979
35096,0.2673210493083061,0.3541702542907985,0.2762183571551575,0.10229033924573791,0.2402653591000865,0.5868474185174503,0.17288722238246323,0.5014100643341852,0.4985899356658148,0.14640587234804403,0.853594127651956
35097,0.22058575524200347,0.27421440215863735,0.30086008207319126,0.20433976052616787,0.26508916323731135,0.6318015546410608,0.1031092821216278,0.5115762765620044,0.48842372343799556,0.03228958265481785,0.96771041734518215
35098,0.21471844907850265,0.33218544735667366,0.31592372935399526,0.1371723742108284,0.28975992791401173,0.5389714874171333,0.171268584668855,0.5007599156738736,0.4992400843261264,0.028439815742038854,0.9715601842579611
35099,0.2429617761501488,0.334859235523003,0.2945181963836118,0.12766079194323643,0.3006433663710659,0.5276183852083696,0.17173824842056454,0.5077419636236752,0.49225803637632487,0.09734909546838617,0.9026509045316138
35100,0.25428419372006383,0.24497072911122938,0.2984566258648217,0.20228845130388504,0.1755066839154808,0.43213669685209144,0.39235661923242776,0.528580516175936,0.47141948382406396,0.5077216485254442,0.4922783514745558
35101,0.25569336041911683,0.29113653373249226,0.29669624719341386,0.15647385865497704,0.24419104991394147,0.5922439759036144,0.16356497418244406,0.5130865661528037,0.4869134338471963,0.11812926050565191,0.8818707394943481
35102,0.2713578426208786,0.2963236068682187,0.2532392289055093,0.17907932160539344,0.22224615053300312,0.593571659308711,0.18418219015828577,0.5069025203698231,0.4930974796301769,0.19924354403964872,0.8007564559603513
35103,0.23080200234316756,0.2909788049845564,0.2666950686974119,0.2115241239748642,0.20356931677686396,0.5469010374670752,0.24952964575606085,0.5193852602165561,0.48061473978344393,0.30882418315181154,0.6911758168481885
35104,0.21991677262744191,0.35735753092128075,0.288348167841868,0.13437752860940932,0.30645916218113733,0.595483267025509,0.09805757079335362,0.49833741687084354,0.5016625831291565,0.03316155052655165,0.9668384494734483
35105,0.25295939816351365,0.32509127115831393,0.25611240181436,0.16583692886381235,0.20687142697007063,0.6689272503082614,0.12420132272166798,0.5202105172339416,0.47978948276605843,0.4758569036919552,0.5241430963080448
35106,0.28820195173260094,0.3252498100858996,0.2465961549699059,0.13995208321159353,0.1644922425952045,0.702574047954866,0.13293370944992947,0.5105849706843306,0.4894150293156693,0.628111938942395,0.37188806105760497
46001,0.24708520179372195,0.26038863976083704,0.2833333333333333,0.20919282511210763,0.2543705626383693,0.6235590503091839,0.12207038705244676,0.5156360632523012,0.48436393674769884,0.014979905005480453,0.9850200949945196
46002,0.2282713218433316,0.2666617353354538,0.31318884532879654,0.19187809749241808,0.2787741203178207,0.5299281119939463,0.19129776768823306,0.5183621781342339,0.48163782186576615,0.04322408109957087,0.9567759189004291
46003,0.3436083408884859,0.3252745038783117,0.2564722474060643,0.07464490782713812,0.21217355959760187,0.7045015750431867,0.08332486535921146,0.4892110361413588,0.5107889638586411,0.010601915184678522,0.9893980848153214
46004,0.21431489500776207,0.2373559931366942,0.2973282130893047,0.2510008987662391,0.20764936255312058,0.7052745604532956,0.08707607699358387,0.501966256501332,0.498033743498668,0.007323133254871191,0.9926768667451288
46005,0.26000483130686847,0.3007488525646187,0.2742571865689669,0.16498912955954587,0.2676985743380855,0.6363340122199592,0.0959674134419552,0.509997468995191,0.4900025310048089,0.08678488221589438,0.9132151177841056
46006,0.22112552734219532,0.270795192231155,0.30741065032237525,0.20066863010427446,0.25421677023646194,0.5811476071342103,0.16463562262932774,0.524080588423409,0.47591941157659096,0.062098360655737705,0.9379016393442623
46007,0.25648686900456047,0.276458562667086,0.2765371913822928,0.1905173769460607,0.20997586484312147,0.6886564762670957,0.10136765888978279,0.5016809200825715,0.49831907991742846,0.007926829268292683,0.9920731707317073
46008,0.25329370179948585,0.29394280205655526,0.2970758354755784,0.15568766066838047,0.22916328188464663,0.6696994313566206,0.10113728675873274,0.49427560990229574,0.5057243900977042,0.010563812799410393,0.9894361872005896
46009,0.24274030164328053,0.27845726720192093,0.296390785623171,0.18241164553162753,0.2565584366207893,0.5518971941297239,0.19154436924948673,0.5197132616487455,0.48028673835125446,0.07286166842661035,0.9271383315733897
46010,0.21193942497622356,0.27858658277855,0.32643207257297535,0.18304191967225109,0.2649861204891589,0.6392827668992422,0.09573111261159876,0.4938587512794268,0.5061412487205732,0.010544918998527246,0.9894550810014727
46011,0.2722828130876269,0.3137269650244453,0.2500940203083866,0.16389620157954118,0.21318732525629078,0.6337371854613234,0.15307548928238585,0.49798263846436,0.50201736153564,0.2572984611487556,0.7427015388512443
46012,0.27576669649393964,0.28666720898072073,0.2921174652241113,0.14544862930122834,0.22194658066650128,0.6824609278094765,0.09559249152402216,0.5117822150564306,0.4882177849435694,0.2906086512696185,0.7093913487303816
46013,0.2762888287845259,0.3032538316531432,0.29809032046553563,0.12236701909679534,0.23876381158095872,0.45866910359724183,0.30256708482179945,0.5162793667007151,0.483720633299285,0.16178402522333157,0.8382159747766684
46014,0.25572576975580164,0.267935689367511,0.2670256332473836,0.2093129076293038,0.2163532807989389,0.45197784192868845,0.33166887727237265,0.5293368159520928,0.47066318404790725,0.0784740067206958,0.9215259932793042
47001,0.28039878938935375,0.2695388997685597,0.26642335766423353,0.18363895317785295,0.2525838621940163,0.6580235720761559,0.08939256572982775,0.49639182146198046,0.5036081785380195,0.009180644715952233,0.9908193552840477
47002,0.254594052789843,0.26102572669562313,0.28332776478449717,0.20105245573003674,0.2615096587524466,0.5173176750914815,0.2211726661560718,0.5167179350006688,0.4832820649993313,0.04965270614125576,0.9503472938587443
47003,0.32495697074010327,0.29500860585197936,0.2593230063109581,0.12071141709695926,0.21744685793936577,0.7032175630154489,0.07933557904518528,0.49460076045627377,0.5053992395437262,0.0029694459638977887,0.9970305540361022
47004,0.21550094517958412,0.24357277882797732,0.2962192816635161,0.2447069943289225,0.24508481110254432,0.6540092521202776,0.1009059367771781,0.503541289933695,0.496458710066305,0.013470372965817955,0.986529627034182
47005,0.24279428930591723,0.25725060608781536,0.27826165035467365,0.22169345425159376,0.25405505607563256,0.5476874594494392,0.19825748447492816,0.5223410489305597,0.4776589510694404,0.040015243902439025,0.959984756097561
47006,0.24906805374945817,0.26441265713047246,0.28322496749024706,0.20329432162982228,0.2638550959718843,0.6216094439938722,0.11453546003424349,0.5096799946776661,0.49032000532233383,0.012813370473537604,0.9871866295264624
47007,0.27104409238404276,0.2943309791945028,0.29414010307310556,0.1404848253483489,0.26609775019394877,0.5974592707525214,0.13644297905352987,0.505253810862809,0.49474618913719104,0.028518999923541555,0.9714810000764584
47008,0.26204203087223354,0.2692021573368049,0.28091872791519434,0.18783708387576714,0.24287884542347132,0.6622673756171668,0.09485377895936195,0.5055266348142338,0.49447336518576623,0.028041510267167145,0.9719584897328328
47009,0.29930826534231997,0.27749201844625754,0.2562965590634977,0.1669031571479248,0.23571493253644843,0.5253101512270216,0.23897491623652992,0.509614712257884,0.4903852877421159,0.052297023981508234,0.9477029760184917
47010,0.28691870784522544,0.2950834220802272,0.267749378771743,0.1502484913028044,0.2703414456956048,0.6369415183436251,0.09271703596077006,0.507470722842913,0.4925292771570871,0.04715537626930032,0.9528446237306997
47011,0.2784787942516649,0.28286014721345953,0.27935506484402384,0.15930599369085174,0.2661268796156242,0.5730936916095738,0.16077942877480203,0.511509472397637,0.488490527602363,0.031105829721795052,0.9688941702782049
47012,0.22941676907080066,0.2504962661877304,0.28244635598827866,0.23764060875319026,0.24391898439771295,0.6681849016377556,0.08789611396453145,0.49814043439452543,0.5018595656054745,0.008852963818321785,0.9911470361816782
47013,0.27542409001790125,0.2807944761742392,0.2738896939732333,0.1698917398346262,0.22834917891097667,0.5547104580812445,0.21694036300777875,0.5155283724091063,0.4844716275908936,0.06319236396572145,0.9368076360342785
47014,0.19938282187553574,0.2228698782787588,0.30370306874678554,0.27404423109891995,0.21398564677052337,0.7043584806581481,0.08165587257132854,0.5070481216582182,0.49295187834178184,0.00831899024670109,0.9916810097532989
48001,0.30976659868570133,0.3434549437268676,0.2758516504267694,0.07092680716066169,0.32028985507246377,0.5760488176964149,0.10366132723112129,0.48347039019813454,0.5165296098018655,0.041694953609413894,0.9583050463905861
48002,0.2800374263856018,0.36193516429082506,0.2651219109472178,0.09290549837635532,0.26671842076078517,0.6407341687922812,0.09254741044693357,0.48714224690303287,0.5128577530969671,0.23849263267701135,0.7615073673229886
48003,0.2852557673019057,0.32061183550651956,0.24122367101303913,0.1529087261785356,0.2821468695740986,0.4662445102645286,0.2516086201613727,0.507624076029567,0.49237592397043295,0.13726339498419024,0.8627366050158097
48004,0.32415534447517136,0.35848262594685587,0.25489960322231575,0.06246242635565709,0.27392460125664575,0.6049420009666505,0.12113339777670372,0.4986264354875028,0.5013735645124971,0.38338526392961875,0.6166147360703812
48005,0.27167517941423674,0.35430270899334065,0.29301092648865323,0.08101118510376931,0.2657174435992458,0.4292308692542748,0.3050516871464794,0.5060501721593704,0.49394982784062963,0.28247029926312095,0.717529700736879
48006,0.3115758242809973,0.3160740776187969,0.22802316121931376,0.144326936880892,0.26079110374091596,0.44242306003999415,0.2967858362190899,0.49186356143539456,0.5081364385646054,0.1314878892733564,0.8685121107266436
48007,0.254650954118562,0.33827839923431235,0.3104624035413053,0.09660824310582042,0.29660100888782126,0.47561854431900075,0.227780446793178,0.5005032021957914,0.4994967978042086,0.08868972599542548,0.9113102740045745
48008,0.26046404513788934,0.3039898670044332,0.3075018711497496,0.12804421670792793,0.27728837290706493,0.45615775042296247,0.2665538766699726,0.5093720071145164,0.49062799288548364,0.10342568326469487,0.8965743167353051
48009,0.24720637184973848,0.318830242510699,0.2943414170233001,0.13962196861626247,0.24669737001575565,0.40286025936250147,0.3504423706217428,0.5121568999905024,0.4878431000094976,0.13559902200488996,0.8644009779951101
48010,0.23265230995766611,0.2916743358488251,0.2996502852935763,0.17602306889993252,0.2862544904518812,0.6190836326967921,0.09466187685132665,0.49754230078457323,0.5024576992154268,0.01676388412332729,0.9832361158766727
48011,0.3081619110816191,0.3403450564034506,0.2766423357664234,0.07485069674850697,0.2980004012572728,0.5482511870527653,0.15374841168996187,0.5066055407670315,0.49339445923296854,0.2857431442856421,0.7142568557143578
48012,0.28837209302325584,0.2793666501731816,0.24527461652647203,0.18698664027709055,0.283302826926988,0.5222188326215171,0.1944783404514948,0.5078625758482181,0.4921374241517819,0.12984205417806405,0.870157945821936
48013,0.26381100726895124,0.30316718587746627,0.27497403946002075,0.1580477673935618,0.25948831800401734,0.641716883391479,0.09879479860450364,0.4982790794111549,0.5017209205888451,0.20656156795909672,0.7934384320409033
48014,0.2650374714890844,0.284652981427175,0.3169762137504073,0.13333333333333333,0.25521520992870345,0.45319514127277527,0.2915896487985213,0.5137510923764972,0.4862489076235028,0.1897170608108108,0.8102829391891891
48015,0.2665543386689132,0.3121595057568099,0.30053355798932885,0.12075259758494805,0.2977237895214849,0.5423170800930919,0.15995913038542317,0.5076334217737376,0.49236657822626245,0.13941986365459164,0.8605801363454084
48016,0.2803569200049919,0.3285910395607139,0.30600274553849993,0.08504929489579433,0.31820199074367594,0.530843847080454,0.15095416217587015,0.5038675081858303,0.4961324918141698,0.09487517709707362,0.9051248229029264
48017,0.2808219178082192,0.31512605042016806,0.30194543570853,0.10210659606308277,0.2975340876124166,0.5278212938787352,0.17464461850884827,0.508633600563827,0.49136639943617305,0.126650146429376,0.873349853570624
48018,0.30016892875866485,0.27681015902603834,0.23259742529271277,0.19042348692258404,0.24663144773550189,0.44678577788330265,0.30658277438119547,0.5106883604505632,0.4893116395494368,0.10467625899280575,0.8953237410071943
48019,0.28544954567192726,0.26082018173122906,0.27552606408417024,0.17820420851267338,0.2790385553928746,0.5797340165934602,0.1412274280136652,0.5100394157199165,0.4899605842800835,0.043243243243243246,0.9567567567567568
48020,0.23177794049124675,0.2868934300738867,0.33075950209678495,0.1505691273380816,0.28249543270857297,0.570200960822789,0.14730360646863794,0.49914435272800484,0.5008556472719952,0.020939152068000413,0.9790608479319995
48021,0.2760426179604262,0.29065449010654487,0.27226788432267884,0.16103500761035006,0.2649799444615859,0.64757790805307,0.08744214748534403,0.4964622088936788,0.5035377911063211,0.0358895410372366,0.9641104589627634
48022,0.31232107167936046,0.31604818235834276,0.26338248798141844,0.10824825798087831,0.2810378804466827,0.6315962338515437,0.08736588570177359,0.48764722211206724,0.5123527778879328,0.021672709496068768,0.9783272905039312
48023,0.28956390977443613,0.31103759398496245,0.2720601503759399,0.12733834586466164,0.31679694712870066,0.5714285714285714,0.11177448144272789,0.49971896955503514,0.5002810304449649,0.03942461374533831,0.9605753862546617
48024,0.23267238828055636,0.2938739271973957,0.30263391535957385,0.1708197691624741,0.2957116070888526,0.6038831428052984,0.10040525010584891,0.4946604600219058,0.5053395399780942,0.014481815179961319,0.9855181848200387
48025,0.2577560845145761,0.32294731211553895,0.27868414014442366,0.14061246322546136,0.2937453209011094,0.61995508065065,0.08629959844824066,0.4853830145674363,0.5146169854325636,0.013543210507487096,0.9864567894925129
48026,0.24515547543938712,0.2926028455546257,0.3005214704178201,0.16172020858816713,0.28420845881890794,0.6334948278119681,0.082296713369124,0.4982277251760136,0.5017722748239865,0.0172543135783946,0.9827456864216054
48027,0.2757211991703853,0.32461818867450193,0.2885425177550123,0.11111809440010056,0.3149691456199504,0.5264329791971499,0.15859787518289967,0.49566816707806977,0.5043318329219302,0.031994047619047616,0.9680059523809523
48028,0.26182084192325594,0.32213872447961694,0.2957371816186739,0.12030325197845315,0.27884680305178583,0.6443184119910877,0.07683478495712646,0.4833759590792839,0.5166240409207161,0.020694637972854413,0.9793053620271456
59001,0.26709342751503784,0.28502842006511786,0.2707907952099774,0.177087357209867,0.2569612420543399,0.6094391629633797,0.13359959498228047,0.5054292500848321,0.494570749915168,0.20279720279720279,0.7972027972027972
59002,0.261739883142177,0.28749188487340405,0.29192815407920364,0.15884007790521532,0.25290825285338014,0.5070237050043898,0.24006804214223001,0.5094125652075301,0.49058743479246997,0.46063760572543916,0.5393623942745608
59003,0.2539307754225919,0.3257848135229407,0.27019050174403003,0.15009390931043737,0.2588959729715002,0.5056945125606234,0.23540951446787642,0.5099812850904554,0.49001871490954463,0.47230320699708456,0.5276967930029155
59004,0.2735379866232207,0.3016635225518779,0.31795575373006346,0.10684273709483794,0.27581631475712476,0.6144571362639899,0.10972654897888542,0.4953926193730435,0.5046073806269565,0.06058828836957503,0.939411711630425
59005,0.22161104999388828,0.2884121745507884,0.29678523407896346,0.19319154137635985,0.28336755646817247,0.6122207703316533,0.10441167320017422,0.5012819295413541,0.4987180704586459,0.03903082409261883,0.9609691759073812
59006,0.22840208345806143,0.2862958749925163,0.33496976591031546,0.15033227563910675,0.2590045248868778,0.5203619909502263,0.22063348416289594,0.5116267942583732,0.4883732057416268,0.3629579044924638,0.6370420955075362
59007,0.23134632160511776,0.33788892119802266,0.2949694678685665,0.1357952893282931,0.31545890857379866,0.5724951116904663,0.11204597973573502,0.5012461059190031,0.4987538940809969,0.08400934964938815,0.9159906503506119
59008,0.217379171782565,0.32085054135506197,0.3090188637124679,0.15275142314990514,0.31658687693607435,0.5347226133483526,0.14869050971557307,0.5082091212458287,0.4917908787541713,0.06755959137343927,0.9324404086265607
59009,0.26921856154383295,0.3179077001206119,0.29975242810893166,0.1131213102266235,0.2677613084589829,0.5716841298236647,0.1605545617173524,0.5027712952158693,0.49722870478413067,0.37022332506203476,0.6297766749379653
59010,0.237006922316229,0.27414569827491486,0.33485331282276676,0.15399406658608944,0.28596704633418113,0.5859781046113015,0.1280548490545173,0.5049356601445444,0.49506433985545567,0.046317114848457595,0.9536828851515424
59011,0.2188314509122502,0.2611859252823632,0.2958840139009557,0.22409860990443092,0.3041604508536383,0.5565500856400906,0.13928946350627106,0.5187913209389005,0.48120867906109954,0.0424018602106415,0.9575981397893585
59012,0.22026370575988896,0.27002081887578067,0.3378209576682859,0.1718945176960444,0.3187267755731613,0.5749141134403701,0.10635911098646848,0.49805620348772633,0.5019437965122737,0.022166647720813913,0.9778333522791861
59013,0.24039117580168295,0.29923811689788493,0.3071412326586309,0.15322947464180123,0.2977841726618705,0.5696690647482014,0.13254676258992806,0.5092842898293818,0.4907157101706182,0.07376974759397131,0.9262302524060287
59014,0.1895152679906043,0.23686739269698912,0.33984625240230626,0.23377108691010035,0.3021377416401917,0.5555974368639276,0.14226482149588068,0.5104330364938013,0.4895669635061987,0.042352102001694085,0.957647897998306
59015,0.20352446081009995,0.26549184639663337,0.32698579694897423,0.20399789584429245,0.3029005672696136,0.5603125334475008,0.1367868992828856,0.5114677930306231,0.488532206969377,0.043400894058417606,0.9565991059415824
59016,0.28499443370246674,0.3114196988340071,0.3028065858088709,0.10077928165465519,0.2520721885838575,0.5842690024102051,0.16365880900593732,0.5022620420473698,0.4977379579526302,0.483402489626556,0.516597510373444
59017,0.23988757852970352,0.3108674087953268,0.30640361512178993,0.14284139755317976,0.28944246737841045,0.5092922103598261,0.20126532226176355,0.5054686793817229,0.49453132061827715,0.24850662684338248,0.7514933731566175
59018,0.19649298041174185,0.2495976915820432,0.33039232007102826,0.22351700793518672,0.2929423683025664,0.5982665466006303,0.10879108509680324,0.5125190702683299,0.4874809297316701,0.02832404550269424,0.9716759544973058
59019,0.2255582377791189,0.3095453631060149,0.31794407563870447,0.14695232347616172,0.2816106563628044,0.42183130814988057,0.2965580354873151,0.5168415465643245,0.4831584534356755,0.19640323792038722,0.8035967620796128
59020,0.18122842518747767,0.24425663611474824,0.32115224378050233,0.25336269491727176,0.3140058883614733,0.5663041518956919,0.11968995974283482,0.5165739172513912,0.48342608274860877,0.04154713621525374,0.9584528637847463
59021,0.24723997675769901,0.34991284137129575,0.30249854735618825,0.10034863451481696,0.29439690540382135,0.5059195873871761,0.19968350720900246,0.5084974372808201,0.4915025627191799,0.3035779985283297,0.6964220014716703
59022,0.27767740327705437,0.33038439972587375,0.29300355118061183,0.09893464581646003,0.29041972520233394,0.6191103582407931,0.09046991655687307,0.4869667687956634,0.5130332312043365,0.022416120323949094,0.9775838796760509
59023,0.2463266104251634,0.2848762500698363,0.3185094139337393,0.15028772557126097,0.2178720523524766,0.5058106735868216,0.2763172740607018,0.5207513996205987,0.4792486003794013,0.6066364152013614,0.3933635847986387
59024,0.19890092301125753,0.21672090913941205,0.34167422504401646,0.242703942805314,0.2821664322043069,0.4701331024780868,0.2477004653176063,0.5223713646532439,0.47762863534675615,0.09772539667981289,0.902274603320187
59025,0.26513404914037286,0.31671167907252484,0.3148672682958962,0.10328700349120612,0.2692817386694938,0.6294725682480784,0.10124569308242777,0.4844699027208533,0.5155300972791467,0.0464294726217512,0.9535705273782488
59026,0.19180307384730727,0.2410346120204923,0.3401224540797201,0.22703986005248034,0.3117154811715481,0.5772790668188158,0.11100545200963612,0.5050489517658516,0.4949510482341483,0.03343321242706198,0.966566787572938
59027,0.19206021609809398,0.2418963214762656,0.33300959087046256,0.23303387155517785,0.29381507188894396,0.5022310361923649,0.20395389191869112,0.5223562106098953,0.4776437893901047,0.09431160718857201,0.905688392811428
59028,0.2666825832636982,0.33532290796227765,0.2702041303569297,0.12779037841709442,0.26162580021741755,0.6299673873656239,0.10840681241695857,0.49946855215120844,0.5005314478487916,0.4293726728566715,0.5706273271433284
59029,0.27269556552067764,0.37055306427503737,0.24280019930244146,0.11395117090184355,0.25424156736012926,0.3195819026459301,0.4261765299939406,0.4988716502115656,0.5011283497884345,0.2488415420627717,0.7511584579372284
59030,0.23342160730692318,0.35280765281305737,0.2613089769226612,0.15246176295735828,0.2103159393308876,0.5815035864863385,0.2081804741827739,0.48699708993486995,0.51300291006513,0.4904994826450945,0.5095005173549054
59031,0.21335606706450694,0.28525149190110827,0.3428815004262575,0.15851094060812732,0.30757783882783885,0.5782967032967032,0.11412545787545787,0.5016408181613846,0.49835918183861544,0.03575039058910027,0.9642496094108998
59032,0.25995927530935103,0.32297812353156163,0.2641361666579648,0.15292643450112253,0.20187496708274083,0.5711802812450624,0.22694475167219677,0.5125160737248178,0.48748392627518217,0.6773869346733669,0.32261306532663314
59033,0.27105101413644744,0.2761729153861914,0.2981458717475927,0.1546301987297685,0.1726999273934239,0.3394876050202261,0.48781246758634994,0.5261776669728382,0.4738223330271618,0.2979913210754708,0.7020086789245291
59034,0.260554821664465,0.2867635402906209,0.2833817701453104,0.1692998678996037,0.1961967354414696,0.5572913860906104,0.24651187846792005,0.5198080279232111,0.4801919720767888,0.7098917875263796,0.2901082124736204
59035,0.24813161997956878,0.23764718533254475,0.2744233560944137,0.23979783859347276,0.24993051309133357,0.4499972205236533,0.30007226638501305,0.5411591867683996,0.4588408132316004,0.09345150172328902,0.906548498276711
59036,0.20516908212560386,0.25231884057971016,0.3417391304347826,0.20077294685990338,0.27175982426165485,0.46639004149377594,0.2618501342445692,0.5121902952584501,0.4878097047415499,0.12334142394822006,0.8766585760517799
60001,0.2508279973504085,0.3406933097814087,0.3323029366306028,0.07617575623758005,0.3320729537366548,0.4817615658362989,0.18616548042704625,0.49631154571967745,0.5036884542803225,0.03593969144460028,0.9640603085553997
61001,0.3120528343423225,0.3667217024399193,0.2612364703724087,0.059988992845349476,0.28725180924104654,0.5609575060308035,0.15179068472814994,0.48828330700368616,0.5117166929963138,0.041638593181511925,0.958361406818488
62001,0.41225461035098154,0.34235574063057705,0.21058893515764426,0.034800713860797146,0.22488755622188905,0.6893553223388306,0.08575712143928035,0.48214612708295185,0.5178538729170482,0.007875492218263641,0.9921245077817363
