district_code,age_1529,age_3044,age_4564,age_65,educ_college,educ_hsless,educ_university,sex_male,sex_female,minority,white
10001,0.1879991208147117,0.24543922631694629,0.389186020953916,0.17737563191442596,0.3806748466257669,0.48023663453111304,0.13908851884312007,0.49166719472783726,0.5083328052721627,0.004573268921095008,0.995426731078905
10002,0.15619362597714972,0.20414912808177993,0.41686710763680096,0.22279013830426939,0.3303712081431514,0.5467948459021691,0.12283394595467949,0.4892022657540713,0.5107977342459287,0.007797619047619048,0.992202380952381
10003,0.15833084502836667,0.2187220065691251,0.4000447894893998,0.2229023589131084,0.31562770146959945,0.5208433387762943,0.16352895975410622,0.4845245580940404,0.5154754419059596,0.004865831842576028,0.995134168157424
10004,0.26691553896406905,0.2851143257116192,0.34904339710685955,0.09892673821745217,0.38572933122696157,0.4444444444444444,0.16982622432859398,0.5071081182192293,0.49289188178077065,0.012617702448210923,0.9873822975517891
10005,0.17235901509134233,0.2058512046597829,0.4070029123643103,0.21478686788456447,0.33262961508248234,0.549096622152396,0.11827376276512176,0.4916172857349328,0.5083827142650672,0.006201663505034292,0.9937983364949657
10006,0.26065597457014883,0.2532870972402832,0.32516977315416845,0.16088715503539952,0.304188025921269,0.29822355482477353,0.3975884192539575,0.4839142757694794,0.5160857242305206,0.03528520949015649,0.9647147905098435
10007,0.24783944003999714,0.23555460324262553,0.362545532461967,0.15406042425541033,0.3378854451173653,0.371848157384317,0.2902663974983177,0.4757105787218635,0.5242894212781365,0.01622879539469655,0.9837712046053034
11001,0.2166052895882156,0.22145965852025443,0.37696685637763644,0.18496819551389354,0.35352843300381714,0.40129196437310366,0.24517960262307917,0.4900708234967366,0.5099291765032634,0.01294680551646496,0.987053194483535
11002,0.25369872225958306,0.2074646940147949,0.33658372562205785,0.20225285810356422,0.2726651035560766,0.3451543571707698,0.3821805392731536,0.46166087962962965,0.5383391203703703,0.08944919705838211,0.9105508029416179
11003,0.20442662948762635,0.2129661903102126,0.3708609271523179,0.21174625304984315,0.2877870563674321,0.5324634655532359,0.17974947807933195,0.48388495447318974,0.5161150455268102,0.01655580192165558,0.9834441980783444
11004,0.20249437034470813,0.22899705525723194,0.3890524857093366,0.17945608868872337,0.3573058228350362,0.39529808550739015,0.24739609165757365,0.4924372146118721,0.5075627853881278,0.007491715891081977,0.992508284108918
12001,0.18374476013041452,0.1847539201987269,0.3976090669150753,0.23389225275578326,0.34677214868908157,0.44094528120087223,0.21228257011004614,0.48260996638901066,0.5173900336109893,0.017256702710709525,0.9827432972892904
12002,0.19171188173311315,0.20209168829126367,0.38735550837461663,0.21884092160100652,0.34545976736393663,0.4164951414484706,0.23804509118759273,0.4833587574538899,0.5166412425461101,0.023288538661788503,0.9767114613382115
12003,0.18882218410520296,0.20361635220125787,0.37964551172098343,0.22791595197255574,0.3016691845683334,0.3575666015696968,0.34076421386196987,0.4774855604777659,0.5225144395222341,0.07959183673469387,0.9204081632653062
12004,0.2294657870909326,0.2346397619971543,0.37168542232570173,0.16420902858621136,0.18289599001609247,0.28106013333771224,0.5360438766461952,0.4808409447116684,0.5191590552883316,0.1342841163310962,0.8657158836689038
12005,0.3317506695885074,0.21792062332602874,0.2940102264426589,0.15631848064280496,0.2552800131384464,0.29124651010018066,0.45347347676137295,0.47963360966124247,0.5203663903387575,0.1183474839511286,0.8816525160488714
12006,0.25082259391280504,0.26089936934466684,0.3317109953386345,0.1565670414038936,0.3232210665345881,0.426242364206703,0.25053656925870893,0.48682552067703017,0.5131744793229698,0.026085370302809194,0.9739146296971908
12007,0.20629120091716824,0.22040699340785325,0.3791917454858126,0.19411006018916596,0.3305240453746605,0.4711215849177185,0.19835436970762102,0.48562173221186633,0.5143782677881337,0.023310023310023312,0.9766899766899767
12008,0.2192612702722012,0.2669857826677145,0.38551118096735015,0.12824176609273416,0.35737643998513563,0.3793756967670011,0.26324786324786326,0.49271312732851197,0.5072868726714881,0.0472414932276181,0.9527585067723819
12009,0.16548478192657673,0.20370254157514905,0.4044556008785692,0.22635707561970506,0.3357544421190857,0.4377692970577373,0.22647626082317698,0.4906692602273418,0.5093307397726582,0.01746374575748226,0.9825362542425178
12010,0.20633266533066133,0.18637274549098196,0.3822044088176353,0.22509018036072145,0.3172966231772832,0.44335188027628547,0.2393514965464313,0.47487214456188204,0.525127855438118,0.02564996166445947,0.9743500383355406
12011,0.17759562841530055,0.19679136892251647,0.388678716547569,0.23693428611461398,0.35274674699803354,0.4642901970628844,0.18296305593908205,0.48230723251643753,0.5176927674835624,0.02811048643363481,0.9718895135663652
13001,0.16629536471433704,0.20452748832195472,0.41559468199784405,0.21358246496586417,0.29659362117596005,0.5287481015404643,0.1746582772835756,0.4914513433603291,0.5085486566396709,0.006571165724799579,0.9934288342752005
13002,0.18246428312422946,0.2314888679382116,0.3899485096816303,0.19609833925592865,0.3143787685401171,0.494344439065182,0.19127679239470094,0.4969902663934426,0.5030097336065574,0.010536020018438034,0.989463979981562
13003,0.277444818009063,0.2417044291770209,0.3155240461920772,0.1653267066218389,0.2516785714285714,0.37685714285714284,0.3714642857142857,0.4865851040995922,0.5134148959004078,0.048384460306216966,0.951615539693783
13004,0.20092095165003837,0.24105909439754414,0.38917881811204913,0.1688411358403684,0.33604310426316286,0.4407789015975045,0.22317799413933265,0.4941144451248554,0.5058855548751446,0.016346351138773,0.983653648861227
13005,0.17180454587282598,0.19480997515413637,0.4135455967608356,0.21983988221220208,0.30744645059997755,0.5071773017831109,0.18537624761691152,0.4866633938798887,0.5133366061201112,0.008860759493670886,0.9911392405063291
13006,0.17997240291740588,0.20845653459491426,0.390695840725409,0.22087522176227084,0.31802426343154244,0.5332622317024397,0.14871350486601786,0.4930769230769231,0.5069230769230769,0.009896139525769156,0.9901038604742308
13007,0.24786380536168548,0.2389276629052247,0.3230056747765964,0.1902028569564934,0.29879782169400965,0.38243655170051716,0.31876562660547314,0.4787903389486503,0.5212096610513497,0.04344211182706298,0.956557888172937
13008,0.19196106705118962,0.22656813266041817,0.3888788752703677,0.19259192501802452,0.3232124295639805,0.47234531429509274,0.20444225614092676,0.49166928638792834,0.5083307136120717,0.009573195053849222,0.9904268049461508
13009,0.23138297872340424,0.22052903967797585,0.35365152386428983,0.19443645773433008,0.29985564033821405,0.4497834605073211,0.25036089915446486,0.47280779450841454,0.5271922054915855,0.04636888483743543,0.9536311151625646
13010,0.1995403081637865,0.22567464033370221,0.3872478079509662,0.18753724355154508,0.312205965982526,0.5080907821951094,0.17970325182236468,0.4931237721021611,0.5068762278978389,0.008446321404756613,0.9915536785952433
24001,0.2753535046373727,0.25041812376463435,0.3437737570320815,0.1304546145659115,0.3780013090357918,0.43656343656343655,0.18543525440077163,0.5004343210114853,0.4995656789885146,0.006714391508269563,0.9932856084917304
24002,0.21859487239385622,0.2120539625065701,0.3824096244816913,0.18694154061788237,0.23750637429882712,0.302173635900051,0.4603199898011219,0.4788041053101294,0.5211958946898706,0.3326041613674518,0.6673958386325483
24003,0.2163849714716331,0.26671331682635374,0.307352782861449,0.2095489288405641,0.31994118963147633,0.3692587975836609,0.31080001278486274,0.48703117939448715,0.5129688206055129,0.189745264532985,0.810254735467015
24004,0.22379725085910654,0.22766323024054982,0.3586156111929308,0.18992390770741285,0.3626781514747967,0.4579378346980988,0.17938401382710453,0.5051741493859473,0.49482585061405276,0.010638297872340425,0.9893617021276596
24005,0.1931319714249906,0.20616618623887706,0.40011279608973555,0.20058904624639678,0.3802167931846057,0.46411641860310937,0.15566678821228494,0.5039253717557957,0.4960746282442043,0.0066109458374651745,0.9933890541625349
24006,0.1776058759181122,0.1826066572902016,0.4094389748398187,0.2303484919518675,0.373410064414871,0.4894876238433116,0.13710231174181736,0.4949259462424575,0.5050740537575426,0.009922306468220538,0.9900776935317794
24007,0.2190616500453309,0.22506799637352676,0.3664437896645512,0.18942656391659113,0.3798688524590164,0.3825573770491803,0.23757377049180328,0.4806141663850128,0.5193858336149872,0.04398841621729579,0.9560115837827042
24008,0.22676262503049524,0.2088314222981215,0.34532812881190533,0.2190778238594779,0.38762002423790437,0.4282961996208943,0.18408377614120133,0.4967509346626313,0.5032490653373687,0.01213060926669099,0.987869390733309
24009,0.18196994991652754,0.19136832993260372,0.3935571631731899,0.23310455697767885,0.28935493416185826,0.5074715194555408,0.203173546382601,0.4662020905923345,0.5337979094076655,0.4023744667728838,0.5976255332271162
24010,0.20445554861544868,0.20570476785342495,0.3707578596710389,0.21908182386008745,0.31386128328543234,0.4275425049343814,0.25859621178018627,0.4964513839602555,0.5035486160397445,0.008307104896548166,0.9916928951034518
24011,0.21731606564698003,0.26080160768114324,0.3560902087752596,0.16579211789661716,0.2608177344899305,0.2844315933647847,0.45475067214528486,0.48994179914847075,0.5100582008515292,0.26525553763229337,0.7347444623677066
24012,0.18543677749970205,0.20414730067929926,0.3982838755809796,0.21213204624001908,0.36176756231790225,0.32952951332685876,0.308702924355239,0.49087464233237954,0.5091253576676205,0.021423498776927327,0.9785765012230727
24013,0.23121350995040493,0.26002887814677633,0.3589051415656978,0.14985247033712099,0.39299339813555384,0.339714029791328,0.26729257207311813,0.4834070258976726,0.5165929741023274,0.017849218480351068,0.982150781519649
24014,0.21044273645429715,0.23496157022168582,0.38461538461538464,0.1699803087086324,0.39149015235971757,0.394908955778521,0.21360089186176143,0.497217167933212,0.502782832066788,0.009656237929702587,0.9903437620702974
24015,0.21416464891041162,0.24334140435835352,0.30968523002421305,0.2328087167070218,0.3624066727062572,0.43072693761519476,0.206866389678548,0.4920900718283171,0.5079099281716829,0.07472390452440328,0.9252760954755967
24016,0.17591492395437264,0.19260931558935362,0.4006059885931559,0.23086977186311788,0.4100285623611552,0.3446172290983462,0.2453542085404986,0.4943472200712405,0.5056527799287595,0.009296920395119116,0.9907030796048809
24017,0.21443214432144322,0.22778656357992152,0.34340771979148366,0.21437357230715165,0.36276040801408777,0.3974482506562116,0.23979134132970065,0.5024852071005917,0.4975147928994083,0.025355893208071707,0.9746441067919283
24018,0.18955142231947483,0.187363238512035,0.39653993435448576,0.22654540481400437,0.38941991973732215,0.4491426486683692,0.16143743159430865,0.4967065261451155,0.5032934738548844,0.019974966099926984,0.980025033900073
24019,0.2091997479521109,0.23933092742166467,0.3518932233487999,0.19957610127742453,0.3531073446327684,0.4952778480478961,0.15161480731933552,0.4888401024515185,0.5111598975484816,0.004611453854302985,0.995388546145697
24020,0.1844270135833174,0.2118487341368535,0.39978317709329764,0.20394107518653148,0.3178256326909682,0.4040805665196192,0.2780938007894126,0.48360164411714335,0.5163983558828567,0.07123632575099843,0.9287636742490015
24021,0.22727869713685317,0.23240084055686894,0.3569083267664828,0.1834121355397951,0.2720982904657007,0.36055350439018335,0.3673482051441159,0.498849336532341,0.501150663467659,0.1837427196758673,0.8162572803241327
24022,0.2142907675981606,0.18860983374602053,0.38153519632118854,0.21556420233463036,0.30269689209269973,0.40794840178317365,0.2893547061241266,0.47657637150011384,0.5234236284998862,0.27124924730186667,0.7287507526981333
24023,0.20830320559170884,0.2378886478669559,0.37641600385635093,0.17739214268498432,0.2356399358664393,0.29305474257501335,0.4713053215585473,0.48364485981308414,0.5163551401869159,0.15019019182788662,0.8498098081721134
24024,0.22059638620995456,0.24348741824631415,0.3397073495177918,0.19620884602593947,0.2068101000281409,0.29269103839954974,0.5004988615723094,0.48901359810058276,0.5109864018994172,0.23561040105773468,0.7643895989422653
24025,0.2114261377464103,0.22900949136042834,0.36201022146507666,0.1975541494280847,0.3591783461263557,0.46887721806146865,0.17194443581217564,0.49290670437972334,0.5070932956202766,0.013416126546707157,0.9865838734532928
24026,0.16159572161595723,0.1819758618197586,0.4180096841800968,0.23841873238418732,0.4647015110230369,0.34668601153614775,0.18861247744081533,0.49370340519846867,0.5062965948015313,0.006342494714587738,0.9936575052854123
24027,0.2450632911392405,0.2348241912798875,0.36753867791842476,0.15257383966244725,0.22945600097034385,0.24294984535144643,0.5275941536782097,0.4831704168203615,0.5168295831796386,0.20349881796690308,0.7965011820330969
24028,0.2456043956043956,0.26384615384615384,0.3029120879120879,0.18763736263736264,0.32695210649101136,0.4485728008782764,0.22447509263071222,0.4806787466212834,0.5193212533787166,0.14507825370675453,0.8549217462932455
24029,0.21407351313566728,0.2325391739966214,0.33698374788839053,0.21640356497932078,0.27089482157231015,0.42208881137644216,0.30701636705124763,0.47336004006009014,0.5266399599399099,0.30297616008984635,0.6970238399101537
24030,0.24924855491329478,0.2523121387283237,0.3460693641618497,0.1523699421965318,0.3569694763031737,0.4097336003398264,0.2332969233569998,0.495374528471349,0.504625471528651,0.009465606763773378,0.9905343932362266
24031,0.19110674222273621,0.1893720365444663,0.3896727188620331,0.22984850237076443,0.17769038255273506,0.17837989682823432,0.6439297206190306,0.5312912208705848,0.4687087791294152,0.1718081626490866,0.8281918373509134
24032,0.20701991225109687,0.209382382720216,0.3948025649679379,0.18879514006074924,0.2993650594078079,0.39979254416294713,0.300842396429245,0.47796149490373724,0.5220385050962627,0.22882462686567165,0.7711753731343284
24033,0.2165341100033606,0.215918001568276,0.37296964265710764,0.19457824577125574,0.29087410051877055,0.3776984436882914,0.33142745579293803,0.4908652880947601,0.50913471190524,0.2184880787696314,0.7815119212303686
24034,0.22446303696303696,0.2854020979020979,0.3633241758241758,0.1268106893106893,0.3881004875322175,0.37338136198490823,0.23851815048287425,0.4887000622831213,0.5112999377168788,0.011024493749711702,0.9889755062502883
24035,0.1998769987699877,0.19098736441909875,0.39712624398971264,0.21200939282120093,0.28019004883199156,0.31559324270819583,0.4042167084598126,0.4792106056040976,0.5207893943959023,0.10979410412302662,0.8902058958769734
24036,0.22792356120118112,0.2055824837038275,0.3780712017382584,0.18842275335673297,0.3999099301959018,0.31273522694373856,0.2873548428603596,0.5016501650165016,0.49834983498349833,0.011985898942420681,0.9880141010575794
24037,0.22967057020904016,0.25785268687753093,0.3213855751340703,0.19109116777935864,0.25087409975196484,0.18297821474464335,0.5661476855033918,0.4725158562367865,0.5274841437632135,0.06449368975454636,0.9355063102454536
24038,0.15983500902294406,0.18185099252384634,0.42299561742717195,0.23531838102603764,0.38055738838093445,0.31718352342350836,0.30225908819555725,0.48998042688041754,0.5100195731195825,0.021194241208402173,0.9788057587915978
24039,0.2937525646286418,0.3169368075502667,0.2690295445219532,0.12028108329913828,0.3747232158065066,0.46354965082609434,0.16172713336739908,0.5048362871733253,0.49516371282667465,0.0052557599462201305,0.9947442400537798
24040,0.21579293442524958,0.26953195050511086,0.33181899695140177,0.1828561181182378,0.30693689928959467,0.331980180287744,0.3610829204226613,0.4825432623498287,0.5174567376501713,0.10619977037887486,0.8938002296211252
24041,0.2379250656094701,0.23072198336032163,0.3500474621698587,0.18130548886034956,0.37909654561558903,0.47549453793917923,0.14540891644523177,0.49520207326469146,0.5047979267353085,0.008513094293341029,0.991486905706659
24042,0.2217672165186296,0.2660053062636982,0.37334179259430156,0.13888568462337064,0.39848654941582473,0.464803958255374,0.1367094923288013,0.49835914560423744,0.5016408543957626,0.006420545746388443,0.9935794542536116
24043,0.2260277824644283,0.21916652606715034,0.3661773803498116,0.18862831111860975,0.3914908474238117,0.4539877300613497,0.15452142251483864,0.5031219647564867,0.49687803524351326,0.04232359330110013,0.9576764066988999
24044,0.25809250121997507,0.16217535108171122,0.3365504527462994,0.2431816949520143,0.16543114790924554,0.25114726741760535,0.5834215846731491,0.4647477041572035,0.5352522958427964,0.37335617473673605,0.626643825263264
24045,0.22841334600122953,0.24752696585256803,0.3558374783434863,0.16822220980271615,0.2250340960751629,0.3071677526898015,0.4677981512350356,0.47457385689188547,0.5254261431081145,0.29553849144634525,0.7044615085536547
24046,0.2100494233937397,0.22614370802179698,0.3907616271701939,0.1730452414142694,0.32426467276248816,0.5193009323904328,0.15643439484707897,0.5080030712893508,0.4919969287106491,0.009857219666646754,0.9901427803333532
24047,0.17967511885895404,0.18515583729529847,0.3875462229265716,0.24762282091917592,0.13975296652605385,0.19598798215532154,0.6642590513186246,0.4830370719941272,0.5169629280058728,0.31112181545707557,0.6888781845429244
24048,0.23705555894370922,0.30871500884308106,0.34036714033054827,0.11386229188266146,0.2279000726399899,0.37276947857120296,0.39933044878880714,0.4938990985606853,0.5061009014393147,0.4025882471423536,0.5974117528576464
24049,0.2155930437048134,0.25910245554614736,0.37230508695368986,0.15299941379534945,0.25403027319714494,0.3062392320945114,0.4397304947083436,0.4849181533934155,0.5150818466065845,0.3532287350435309,0.6467712649564691
24050,0.23191634181053153,0.26632015345585053,0.36000247509436295,0.141761029639255,0.34103764384630386,0.4343670762629218,0.22459527989077432,0.5039012625904383,0.4960987374095616,0.010884613548479496,0.9891153864515205
24051,0.18229759693174327,0.1908072151974591,0.3882663150955834,0.23862887277521425,0.39771680484274247,0.31862745098039214,0.2836557441768654,0.5064897744144835,0.49351022558551655,0.009096689000831418,0.9909033109991686
24052,0.22409302888983101,0.24704742293016776,0.2999212646114711,0.22893828356853008,0.2742782983033679,0.2814636616865029,0.44425804001012914,0.47780367780367783,0.5221963221963222,0.0543101581113277,0.9456898418886723
24053,0.24712837837837837,0.25067567567567567,0.3106981981981982,0.19149774774774775,0.3774327001514975,0.4017014333993707,0.2208658664491318,0.48931998331247395,0.510680016687526,0.055070998188176803,0.9449290018118232
24054,0.30564998241706715,0.2872465127183214,0.25219786660414956,0.15490563826046186,0.3973057690872453,0.44018210314202555,0.16251212777072915,0.4946947480671821,0.505305251932818,0.007783807487803541,0.9922161925121965
24055,0.26154931871233916,0.3005265729330655,0.28027794365126757,0.15764616470332773,0.387177093059446,0.4444444444444444,0.16837846249610955,0.4980025990277711,0.5019974009722289,0.010471464019851117,0.9895285359801489
24056,0.24101220667744272,0.21843821414636866,0.3630789811047322,0.17747059807145643,0.37158358489026677,0.38720731010850945,0.24120910500122378,0.4882678929371536,0.5117321070628463,0.008327210384521186,0.9916727896154788
24057,0.21245019345152164,0.26251660218282613,0.381763584916556,0.14326961944909627,0.36488312390217537,0.4150452641534928,0.22007161194433184,0.4892289977450463,0.5107710022549538,0.0457162207924145,0.9542837792075856
24058,0.20465170640486208,0.2527466105656849,0.3799088359046283,0.16269284712482468,0.38214246394363094,0.4500348636647216,0.1678226723916474,0.4948077318527658,0.5051922681472342,0.005079670623462732,0.9949203293765373
24059,0.22923796486424824,0.20944558521560575,0.32546201232032856,0.23585443759981747,0.38737164750957853,0.4424214559386973,0.17020689655172414,0.49457371071366557,0.5054262892863345,0.017626998538464944,0.9823730014615351
24060,0.22568491307390065,0.22573873728403035,0.3795683298347597,0.16900801980730934,0.44526445264452646,0.4081363035852581,0.1465992437702155,0.5018410360589132,0.49815896394108683,0.004772489539748954,0.995227510460251
24061,0.19898780768345986,0.21077754773406948,0.3751437773176904,0.2150908672647803,0.24289784514951177,0.266935907720395,0.4901662471300932,0.4846193828852242,0.5153806171147758,0.17913974346610087,0.8208602565338992
24062,0.23882101767287392,0.23419523188233898,0.37818764084924683,0.14879610959554027,0.3236997940267765,0.3694966529351184,0.306803553038105,0.4902397422533877,0.5097602577466124,0.11291095562158536,0.8870890443784146
24063,0.2181523125072447,0.226208415439898,0.36692940767358295,0.18870986437927437,0.35389435022145405,0.4787728205682186,0.16733282921032733,0.49234706679379736,0.5076529332062026,0.020392359318533816,0.9796076406814662
24064,0.2544477291050793,0.3136791185165278,0.2903520558989519,0.141521096479441,0.364475615723373,0.4328168324906214,0.20270755178600555,0.49263245415492635,0.5073675458450737,0.016489487361209546,0.9835105126387904
24065,0.23354414042333504,0.26626226122870417,0.366223541559112,0.13397005678884874,0.27130712008501595,0.34994686503719447,0.3787460148777896,0.4769530404674313,0.5230469595325687,0.1482380190812331,0.8517619809187669
24066,0.21756021756021757,0.21845675691829539,0.3626202856972088,0.2013627398242783,0.20241924007400028,0.29935961292158814,0.49822114700441156,0.47969478592623993,0.5203052140737601,0.5028558971005014,0.49714410289949856
24067,0.22508753404101595,0.2358695048074251,0.3633635302617685,0.17567943088979046,0.2712116701399226,0.4674010122060137,0.2613873176540637,0.4767025089605735,0.5232974910394266,0.44976320921162594,0.5502367907883741
24068,0.22699103375527427,0.28434862869198313,0.288040611814346,0.20061972573839662,0.4159694972976975,0.4358110609313689,0.1482194417709336,0.49351190786388033,0.5064880921361197,0.006661652519608896,0.9933383474803911
24069,0.2160452356958907,0.27454932258425707,0.2957675512260665,0.2136378904937857,0.34496675377948327,0.47626451420821064,0.17876873201230606,0.4956056730992792,0.5043943269007207,0.02095936740818368,0.9790406325918163
24070,0.179147465437788,0.17857142857142858,0.40343527440301635,0.23884583158776707,0.3175267770204479,0.3506978253813697,0.3317753975981824,0.4774709999041319,0.5225290000958681,0.06014438635797859,0.9398556136420214
24071,0.20638847655176207,0.20902743416350542,0.371983066688658,0.21260102259607455,0.37706908294098485,0.38180687572177313,0.24112404133724202,0.4990709773318469,0.5009290226681531,0.054258357130858394,0.9457416428691416
24072,0.21260546460300608,0.21998100240263732,0.3784991898083478,0.18891434318600883,0.35561097256857854,0.3868899180619879,0.25749910936943354,0.48080099091659784,0.5191990090834021,0.02693314807887565,0.9730668519211243
24073,0.267739340305712,0.19581657280772324,0.3219093590775007,0.2145347278090641,0.34727041262075337,0.3601507700756347,0.292578817303612,0.4949766774309293,0.5050233225690707,0.08068610385842762,0.9193138961415723
24074,0.20653024712065302,0.28267919042826795,0.3677736777367774,0.14301688471430168,0.35063136724803007,0.31848603738749137,0.33088259536447856,0.49415484860099657,0.5058451513990034,0.021824913528523407,0.9781750864714766
24075,0.24214851775755797,0.2828294687408277,0.35867331963604343,0.11634869386557088,0.13012861394557823,0.15537308673469388,0.7144982993197279,0.4932455333365613,0.5067544666634387,0.3150814608141099,0.6849185391858901
24076,0.22089175988656057,0.1817656635680899,0.35460322462055566,0.24273935192479387,NA,NA,NA,NA,NA,NA,NA
24077,0.32518377348216715,0.2659950993738089,0.26937108630547235,0.1394500408385516,NA,NA,NA,NA,NA,NA,NA
24078,0.2269024771256416,0.21780852488283864,0.3160008926578889,0.23928810533363087,NA,NA,NA,NA,NA,NA,NA
35001,0.26342416925376566,0.2777394503851903,0.3487409451535012,0.11009543520754284,0.2923914953435249,0.3659663127243517,0.3416421919321234,0.48334790846815334,0.5166520915318467,0.4547158026233604,0.5452841973766396
35002,0.17716680144085864,0.1765786958759097,0.40241123281629054,0.2438432698669411,0.34766372590206784,0.49782943565326987,0.1545068384446623,0.4968595483095015,0.5031404516904985,0.011627125478862826,0.9883728745211372
35003,0.23945008965929468,0.28738792588164974,0.3586371787208607,0.11452480573819486,0.25233116699632663,0.2874540830743148,0.46021474992935857,0.49037387193811777,0.5096261280618822,0.10682218309859155,0.8931778169014084
35004,0.2376058794220229,0.2853139013452915,0.335762331838565,0.14131788739412057,0.3383274527357944,0.4237716572752646,0.23790088998894096,0.48393633483162624,0.5160636651683738,0.07576553587511257,0.9242344641248874
35005,0.24949550541185103,0.22283373081391794,0.35846633645202713,0.16920442732220387,0.20052694885159517,0.29726788475857724,0.5022051663898276,0.47966568613718075,0.5203343138628193,0.3167971328869188,0.6832028671130812
35006,0.2081612955118237,0.19293259692208697,0.36345112338463187,0.23545498418145744,0.23061101909320908,0.4427112720918804,0.32667770881491054,0.49677116966982604,0.503228830330174,0.7273772505160835,0.27262274948391646
35007,0.20244948639801333,0.299525905858449,0.3575459984196862,0.14047860932385145,0.24468578854543765,0.4277360066833751,0.3275782047711872,0.4943338027224569,0.505666197277543,0.643748734903178,0.3562512650968221
35008,0.25975353171024945,0.268770664262098,0.33369401863540726,0.13778178539224525,0.2537260045308215,0.4000068132654278,0.3462671822037507,0.49210120257659995,0.5078987974234,0.6315348814302248,0.36846511856977515
35009,0.2812291694440741,0.33308892147713637,0.288094920677243,0.09758698840154646,0.3358756617916863,0.4669759396131467,0.19714839859516695,0.48581327498176513,0.5141867250182348,0.05554319614386355,0.9444568038561364
35010,0.27982037608756666,0.2647207409486388,0.3449901768172888,0.11046870614650575,0.2882086294700319,0.3380435390900442,0.3737478314399239,0.4782844960916273,0.5217155039083727,0.09147221043699619,0.9085277895630038
35011,0.2634619828980818,0.2727062629997689,0.31869655650566214,0.1451351975964872,0.3093579412529244,0.47067845074083703,0.21996360800623863,0.49180629041740154,0.5081937095825985,0.1196323584133363,0.8803676415866637
35012,0.2685582316067304,0.36027713625866054,0.2880897393599472,0.08307489277466183,0.2549642747556218,0.267851663525183,0.4771840617191952,0.49103595633158614,0.5089640436684139,0.1681290496760259,0.8318709503239741
35013,0.2323045647754574,0.2294400295693957,0.3524302347070782,0.18582517094806875,0.3057845441470516,0.5313431788683481,0.16287227698460027,0.4890604281113847,0.5109395718886153,0.058973105134474325,0.9410268948655257
35014,0.19566662972403856,0.1783774797739111,0.3786434666962208,0.24731242380582955,0.3550201477501679,0.4169185135437654,0.2280613387060667,0.4935546182047542,0.5064453817952458,0.047757624078134345,0.9522423759218657
35015,0.205161854768154,0.21152911441625352,0.3468941382327209,0.23641489258287157,0.19458483754512634,0.42942238267148014,0.3759927797833935,0.4951399404093196,0.5048600595906804,0.3300338119272799,0.6699661880727201
35016,0.2423176295970535,0.252652410532681,0.3441262162607883,0.1609037436094772,0.1917466195365539,0.28527745048532793,0.5229759299781181,0.4733084901001212,0.5266915098998788,0.5941498259414982,0.40585017405850177
35017,0.22130215944146778,0.2109108621529469,0.3555772040915733,0.21220977431401203,0.1452204506325324,0.23242757691443972,0.6223519724530279,0.47568993506493507,0.5243100649350649,0.46013023712986856,0.5398697628701314
35018,0.25852641073341226,0.2974801285303568,0.29578893962455605,0.14820452111167484,0.3124715728190667,0.41896358288607904,0.2685648442948543,0.4960677295973183,0.5039322704026816,0.07383425318326017,0.9261657468167398
35019,0.22748081758978658,0.25875298213940295,0.31472048487974724,0.19904571539106325,0.15103254676338976,0.25937352344423137,0.5895939297923789,0.45861505148261084,0.5413849485173892,0.28920221631605025,0.7107977836839497
35020,0.23266433645281318,0.24681474799864697,0.31610102604577744,0.20441988950276244,0.32986452615882483,0.48177289888638597,0.18836257495478917,0.4928912025897896,0.5071087974102104,0.04266393807278228,0.9573360619272178
35021,0.2285767166389043,0.2631871182676291,0.3373434511691036,0.170892713924363,0.30655444326379955,0.43328113640176724,0.2601644203344332,0.4994836352081347,0.5005163647918652,0.04780811927720606,0.9521918807227939
35022,0.23179125980470625,0.2465716877434502,0.3720185689130783,0.14961848353876528,0.20745370237032343,0.32596987413956974,0.46657642349010686,0.47293372062318456,0.5270662793768154,0.27520435967302453,0.7247956403269755
35023,0.23933916215201417,0.2552164351231025,0.3516601405353216,0.15378426218956176,0.2184527894891656,0.289489165604471,0.49205804490636335,0.4817479674796748,0.5182520325203253,0.23795464796817978,0.7620453520318202
35024,0.22167461005199307,0.2591529462738302,0.3287478336221837,0.19042461005199307,0.21284715541017254,0.48829452889487523,0.2988583156949522,0.4891104225605101,0.5108895774394899,0.728990257670946,0.271009742329054
35025,0.2190593367261339,0.22537889379788603,0.3637939712544041,0.19176779822157597,0.3145614692653673,0.45296101949025486,0.23247751124437782,0.49670261117547454,0.5032973888245255,0.03259333546063728,0.9674066645393627
35026,0.2142057596418032,0.24168108273125063,0.3722397476340694,0.17187340999287676,0.33683148335015134,0.47356205852674066,0.18960645812310797,0.49171166940596384,0.5082883305940361,0.014352453884313443,0.9856475461156866
35027,0.2093321040770334,0.19980536775250973,0.35013316943249334,0.24072935873796353,0.2446684866340514,0.3612184771738249,0.3941130361921237,0.4848173562887784,0.5151826437112216,0.15694732476150974,0.8430526752384903
35028,0.20008011215701982,0.271179651512117,0.34788704185860203,0.18085319447226117,0.35854669429774716,0.4778060030750719,0.16364730262718097,0.4975937066173068,0.5024062933826932,0.017616972911536275,0.9823830270884637
35029,0.27408195848855776,0.25891431612559873,0.3076104310803619,0.15939329430548163,0.3451295799821269,0.46583258862079235,0.18903783139708072,0.49585371039761855,0.5041462896023815,0.01781679123935338,0.9821832087606466
35030,0.22912150962641847,0.2447405329593268,0.3533724340175953,0.17276552339665943,0.25401982561416303,0.2620097470410768,0.48397042734476015,0.48944380268881954,0.5105561973111805,0.2624363591208245,0.7375636408791755
35031,0.21016088060965285,0.22325712672876094,0.3901778154106689,0.1764041772509173,0.25801155188084557,0.446653179699182,0.29533526841997243,0.49430817474977445,0.5056918252502255,0.19774926851226649,0.8022507314877335
35032,0.2628163530175211,0.257125742524834,0.32176908101632307,0.1582888234413218,0.3101215293178391,0.5072296637984565,0.18264880688370444,0.48679068977234113,0.5132093102276588,0.14318726463539883,0.8568127353646011
35033,0.21219808095290615,0.19328333517150104,0.38232050292268666,0.21219808095290615,0.33670430923085565,0.437440305635148,0.22585538513399628,0.480829716924792,0.5191702830752081,0.19796074638294442,0.8020392536170555
35034,0.18337716991057337,0.1675960021041557,0.39458179905312996,0.254445028932141,0.3514654403184845,0.4552817626467156,0.19325279703479992,0.49384776802747044,0.5061522319725296,0.014642214330884857,0.9853577856691151
35035,0.2673187571921749,0.24626006904487918,0.3302071346375144,0.15621403912543153,0.31279046271974137,0.49996632316292855,0.1872432141173301,0.50187566988210075,0.49812433011789925,0.01332957852248193,0.986670421477518
35036,0.22120910698496907,0.22259062776304156,0.3500221043324492,0.20617816091954022,0.27600474370799843,0.3348794307550402,0.3891158255369614,0.4858260800127765,0.5141739199872235,0.07275061074075607,0.9272493892592439
35037,0.2475104214914312,0.2185618341824919,0.34205650764242707,0.19187123668364983,0.2811216671774441,0.42733680661967516,0.29154152620288076,0.48976435265216994,0.51023564734783,0.15032467532467533,0.8496753246753247
35038,0.251833342386876,0.1985441903416807,0.34097452333097944,0.2086479439404639,0.29113717380064763,0.4307055974312226,0.27815722876812976,0.4932600145110169,0.5067399854889831,0.1437424952550645,0.8562575047449356
35039,0.18721958723240611,0.20125624919882065,0.3947570824253301,0.21676708114344315,0.20705487938196923,0.2954595146126376,0.4974856060053932,0.4953518746158574,0.5046481253841426,0.20450296042380803,0.795497039576192
35040,0.21330144630452114,0.18090194738640247,0.3742170595604145,0.23157954674866188,0.3592111029948868,0.43444850255661066,0.20634039444850255,0.4938555425514128,0.5061444574485872,0.01594103531025026,0.9840589646897497
35041,0.22365134865134864,0.27503746253746253,0.36794455544455545,0.13336663336663337,0.3510705510705511,0.43534573534573534,0.21358371358371359,0.4880173195045816,0.5119826804954184,0.017724501818554377,0.9822754981814457
35042,0.2435868837831809,0.22217265224180235,0.3660495204104394,0.16819094356457728,0.3284529366331979,0.4834279190033245,0.18811914436347763,0.4884431081461994,0.5115568918538006,0.16516602353389548,0.8348339764661045
35043,0.2474596182085169,0.3056681350954479,0.325345080763583,0.12152716593245227,0.24736615781552354,0.3389324876370673,0.41370135454740914,0.4850720949957591,0.5149279050042409,0.16581137608348787,0.8341886239165122
35044,0.270489748859592,0.21620131334904005,0.3199157852523936,0.19339315253897438,0.2739935321229406,0.30638384558580123,0.4196226222912582,0.4730447691225877,0.5269552308774123,0.15099568470644126,0.8490043152935587
35045,0.2557751982530744,0.2411791748074934,0.32042293989196646,0.18262268704746581,0.17354843294719635,0.38535522232487623,0.4410963447279274,0.49031857372497445,0.5096814262750256,0.8107602596545275,0.18923974034547256
35046,0.2508483779014524,0.27114157730419436,0.330188679245283,0.1478213655490702,0.3309232290849562,0.49544694928549504,0.1736298216295488,0.49786994990871214,0.5021300500912879,0.019853609529732575,0.9801463904702674
35047,0.2648369842078451,0.282603158430973,0.3293428425878757,0.12321701477330617,0.20784598779708804,0.32128460979316725,0.47086940240974473,0.48456832087015633,0.5154316791298437,0.657547882199492,0.342452117800508
35048,0.2125351546805946,0.20323710038454915,0.3747919416862768,0.20943580324857947,0.2165217391304348,0.3347597254004577,0.44871853546910756,0.48816887226697353,0.5118311277330264,0.5524184802255803,0.4475815197744198
35049,0.19132989567094374,0.1944477755126514,0.4007674781148819,0.21345485070152295,0.20231075697211157,0.2800996015936255,0.517589641434263,0.48906108984533037,0.5109389101546696,0.5853628036389783,0.41463719636102164
35050,0.18578620076991412,0.19567663606751554,0.3876813740005922,0.23085578916197808,0.2282611818103473,0.32868920743443164,0.44304961075522103,0.48907443595665306,0.510925564043347,0.2557636887608069,0.7442363112391931
35051,0.2586902148945945,0.2400081670154663,0.34862947271706396,0.1526721453728753,0.23133156706898245,0.310151113727799,0.45851731920321853,0.4914806996381182,0.5085193003618818,0.5289699165817385,0.4710300834182614
35052,0.2912125675012273,0.21836033382425135,0.30358370152184583,0.1868433971526755,0.2567108917000926,0.2697932736809627,0.4734958346189448,0.491636798088411,0.508363201911589,0.22282263191354101,0.777177368086459
35053,0.24239059108576044,0.23264852859522486,0.34228458936954215,0.18267629094947252,0.26749504497636833,0.33381613050769937,0.3986888245159323,0.48475747109175554,0.5152425289082445,0.1867098248286367,0.8132901751713633
35054,0.21567291311754686,0.28620102214650767,0.3360022714366837,0.16212379329926177,0.31588856449016345,0.45870282954514446,0.2254086059646921,0.48297756310377066,0.5170224368962294,0.08087414260647631,0.9191258573935237
35055,0.2745987438939288,0.22045824610374506,0.3629913933472901,0.14195161665503606,0.34120591450434384,0.38073183361141477,0.27806225188424144,0.49019527571949073,0.5098047242805093,0.05557624663769915,0.9444237533623009
35056,0.23982507288629737,0.2560932944606414,0.3682215743440233,0.1358600583090379,0.39189239818665467,0.4233636806414147,0.18474392117193061,0.5000541184110835,0.49994588158891656,0.01369187797798346,0.9863081220220166
35057,0.2217313164594878,0.38168339074434626,0.28957615695671707,0.10700913583944885,0.3614636370544874,0.4183448590318413,0.22019150391367126,0.48656519588988406,0.513434804110116,0.02035338850369045,0.9796466114963096
35058,0.26974080771549125,0.26220614828209765,0.3329817158931083,0.13507132810930278,0.34852258575795314,0.4572908411638175,0.19418657307822937,0.4911580376032893,0.5088419623967108,0.021931260229132568,0.9780687397708674
35059,0.23606734935013785,0.24537219377707759,0.34260535643954315,0.17595510043324145,0.21518362607054725,0.29956452315285237,0.4852518507766004,0.4904910587567414,0.5095089412432586,0.5306860001322198,0.4693139998677803
35060,0.27312238299676683,0.25425345841946256,0.35501139555838235,0.11761276302538824,0.21513156111969217,0.2667262824160637,0.5181421564642441,0.4826995403259507,0.5173004596740494,0.1965606118223687,0.8034393881776313
35061,0.22533941185311357,0.22348579730474424,0.3686188066730124,0.1825559841691298,0.3363338100445865,0.4823757045511904,0.1812904854042231,0.4850588469978057,0.5149411530021943,0.09758071041346388,0.9024192895865362
35062,0.27693127330847095,0.2746936600958977,0.3326584976025573,0.11571656899307406,0.14046055807666313,0.19856135946702713,0.6609780824563097,0.4889074009119607,0.5110925990880393,0.19377068504329692,0.8062293149567031
35063,0.2631826741996234,0.2655890353630467,0.36697007742205484,0.10425821301527516,0.25837359315538044,0.2915980675285417,0.45002833931607783,0.48333822358217715,0.5166617764178228,0.20717097743724336,0.7928290225627567
35064,0.24486486486486486,0.2890690690690691,0.341021021021021,0.12504504504504504,0.210390770767088,0.30418101069560877,0.4854282185373032,0.48010990813648297,0.5198900918635171,0.36273776891768417,0.6372622310823158
35065,0.24603084599682468,0.2625878884100703,0.362383760489907,0.128997505103198,0.1893403128903694,0.3130093391231931,0.4976503479864374,0.47726286348073493,0.5227371365192651,0.25329062609479003,0.74670937390521
35066,0.21974023065726123,0.2120703168738103,0.3567349680886799,0.21145448438024858,0.22410361438832319,0.30068941644791874,0.47520696916375804,0.47584226817998293,0.524157731820017,0.26771762110488095,0.732282378895119
35067,0.20505411851036506,0.20514584479911943,0.3620436617134471,0.22775637497706844,0.3371416772772635,0.4935820227812382,0.16927629994149834,0.49248013620885356,0.5075198637911464,0.02492555950437038,0.9750744404956296
35068,0.21267379305526443,0.2084817997624537,0.36868581010270385,0.210158597079578,0.17397324766678668,0.2490237890830541,0.5770029632501592,0.48142333856619574,0.5185766614338043,0.2559387346958685,0.7440612653041315
35069,0.20289376321353064,0.23044397463002114,0.39039376321353064,0.17626849894291755,0.3338968074071228,0.45118905835798534,0.21491413423489186,0.49780845934692086,0.5021915406530791,0.014924529368534117,0.9850754706314658
35070,0.2210130845964503,0.20196916699054282,0.36831195750744916,0.20870579090555771,0.2981654625301034,0.5287930301742456,0.17304150729565093,0.4920165864353463,0.5079834135646537,0.020144024912417284,0.9798559750875827
35071,0.1907039956509921,0.1805925523240011,0.39195433541723296,0.23674911660777384,0.3219674985490424,0.4103308183401045,0.2677016831108532,0.47881284681351943,0.5211871531864806,0.03248150060230597,0.9675184993976941
35072,0.2287558626254476,0.21392909375157598,0.36759291946139494,0.18972212416158152,0.2755922359773804,0.33727647867950483,0.3871312853431148,0.48477827718826744,0.5152217228117325,0.4248823008437048,0.5751176991562952
35073,0.22474992855101458,0.3389539868533867,0.3293512432123464,0.10694484138325236,0.3433667781493868,0.4657265961613788,0.1909066256892344,0.4849429755243262,0.5150570244756738,0.027868780850041498,0.9721312191499585
35074,0.2385839374823463,0.2198003954429903,0.3574051407588739,0.18421052631578946,0.3339677486331234,0.47716104920755764,0.188871202159319,0.49904910518359585,0.5009508948164042,0.01979552971835221,0.9802044702816478
35075,0.2777111444277861,0.25862068965517243,0.30919540229885056,0.1544727636181909,0.17758046614872364,0.26219094622995726,0.5602285876213191,0.4846462464316025,0.5153537535683975,0.5446480455584396,0.45535195444156046
35076,0.25006407956118315,0.24309222330445482,0.385143794535295,0.121699902599067,0.301632690711189,0.4387664114626572,0.2596008978261538,0.47489175556845065,0.5251082444315494,0.0952683968910504,0.9047316031089496
35077,0.2783571077225775,0.2252336448598131,0.3217412690605017,0.17466797835710773,0.14811259628998585,0.19193203906793693,0.6599553646420773,0.4563173485596531,0.5436826514403469,0.25755446240337315,0.7424455375966268
35078,0.2658345368269032,0.22457190014441922,0.32061068702290074,0.18898287600577676,0.3614725800026557,0.4408445093613066,0.1976829106360377,0.4847829154710946,0.5152170845289054,0.036416710532612334,0.9635832894673877
35079,0.25556484481137004,0.2132929250705403,0.31361688786707076,0.2175253422510189,0.34117326905881895,0.4213349920304786,0.2374917389107025,0.4856532013052774,0.5143467986947227,0.014841556357801846,0.9851584436421982
35080,0.22477915939908852,0.22359759185281045,0.3503629100320711,0.20126033871602994,0.185775382271955,0.4060577655398676,0.4081668521881774,0.47282220635487326,0.5271777936451267,0.7883626522327469,0.21163734776725304
35081,0.22034276782225198,0.3222240830681628,0.3149667838999609,0.1424663652096243,0.229606606332084,0.4254197519578267,0.34497364171008926,0.47712447502457334,0.5228755249754267,0.6495153546516894,0.35048464534831053
35082,0.17856240525517938,0.17483577564426478,0.389022233451238,0.2575795856493178,0.23224017893708848,0.4274958258513688,0.3402639952115427,0.4788789419227136,0.5211210580772865,0.6576203269432175,0.34237967305678246
35083,0.23677685950413224,0.21186540731995276,0.3509445100354191,0.20041322314049587,0.20937807741837738,0.43984041613009117,0.35078150645153144,0.48140335294770736,0.5185966470522927,0.9099310601825974,0.09006893981740265
35084,0.22751162320598342,0.18293915504346067,0.35046492823933695,0.23908429351121893,0.23119614877502837,0.4064636801275565,0.3623401710974151,0.48212889277335663,0.5178711072266433,0.5139546883062057,0.4860453116937943
35085,0.24675754732601138,0.2148573320823445,0.3882664606214471,0.15011865997019702,0.3261211644374508,0.43608707054812484,0.23779176501442434,0.49477792231927153,0.5052220776807285,0.026598562239878925,0.9734014377601211
35086,0.21896501879155825,0.20173460537727667,0.3629372651055218,0.21636311072564324,0.3509647275978427,0.4421596054566954,0.2068756669454619,0.4902575957727873,0.5097424042272127,0.025219298245614034,0.9747807017543859
35087,0.23861615562860375,0.23037128846257476,0.3683246214366546,0.16268793447216684,0.34574411608564853,0.49347018226862505,0.16078570164572642,0.4881335777634643,0.5118664222365357,0.03576132104143451,0.9642386789585655
35088,0.2073670814479638,0.2784219457013575,0.37337386877828055,0.1408371040723982,0.34221107381312477,0.38171824855214137,0.27607067763473386,0.4793850833831278,0.5206149166168722,0.03382769538410265,0.9661723046158973
35089,0.22903140670361574,0.19984164687252573,0.3355502771179731,0.23557666930588544,0.16645750389475505,0.2359788817725463,0.5975636143326987,0.483673178383003,0.5163268216169971,0.36908347676419967,0.6309165232358004
35090,0.23693058568329717,0.27733188720173535,0.2898047722342733,0.19593275488069414,0.3441523042730742,0.44693252820061224,0.2089151675263136,0.49096276659838534,0.5090372334016147,0.021615332802645274,0.9783846671973547
35091,0.22214178314863284,0.19418611126580163,0.3656512780531269,0.2180208275324386,0.3348399087606657,0.3911041649066486,0.27405592633268566,0.4918530450405799,0.5081469549594201,0.02835394862036156,0.9716460513796384
35092,0.21027937726594156,0.19407123053956069,0.3694462216535153,0.22620317054098243,0.37288438351270486,0.4800160764524628,0.1470995400348323,0.4982612409248978,0.5017387590751022,0.01621484671902711,0.9837851532809729
35093,0.23443856227361382,0.22061855670103092,0.3305656171635553,0.21437726386179995,0.1449314953349584,0.2058502143397495,0.6492182903252921,0.5197974217311234,0.48020257826887663,0.40790630745862977,0.5920936925413702
35094,0.238169295712064,0.24677849366807375,0.3290935347700511,0.18595867584981116,0.18159167946229393,0.3080511052524843,0.5103572152852218,0.4891121472864491,0.510887852713551,0.32698691661784807,0.6730130833821519
35095,0.2606617869457383,0.24759542677393986,0.31667775694150385,0.17506502933881798,0.1242135246714381,0.20515963871712128,0.6706268366114406,0.49531903133312605,0.504680968666874,0.3722172751558326,0.6277827248441674
35096,0.257864238410596,0.23054635761589404,0.3462038789025544,0.16538552507095552,0.2439544557247603,0.39107445008460234,0.36497109419063734,0.4913296271739685,0.5086703728260316,0.31775916983458335,0.6822408301654166
35097,0.2650112067948567,0.21835555031261059,0.36121269316975346,0.15542054972277927,0.33331263775494363,0.4677614627634806,0.19892589948157577,0.48937680195165223,0.5106231980483478,0.04708540442837777,0.9529145955716223
35098,0.23005040493855128,0.25083536274565327,0.3556096732174209,0.16350455909837458,0.2977923484119345,0.38056424446583254,0.32164340712223294,0.4964835828623204,0.5035164171376796,0.03767543859649123,0.9623245614035087
35099,0.20541066762309781,0.20612799098222062,0.3665009991289645,0.22196034226571706,0.31506914413344106,0.35916931996388346,0.3257615359026755,0.48754314616725336,0.5124568538327466,0.17222510822510823,0.8277748917748918
35100,0.19797090557732566,0.18498040689247947,0.3807504428579097,0.23629824467228513,0.12723602422401215,0.19497131892950653,0.6777926568464813,0.4710949736579809,0.5289050263420191,0.6373800764625261,0.36261992353747385
35101,0.330621542466645,0.3821021802798568,0.20240807028961927,0.08486820696387895,0.2964579585336361,0.42489751378771345,0.27864452767865044,0.4807842118930148,0.5192157881069852,0.1315260166156537,0.8684739833843463
35102,0.20635760032904402,0.19319583994359246,0.38139726188377693,0.2190492978435866,0.23796845028486358,0.4238312004351685,0.33820034927996795,0.4904597797764142,0.5095402202235858,0.29211515462156157,0.7078848453784384
35103,0.23521972810622827,0.20518495099589,0.3451153967752134,0.21447992412266836,0.20187453002470726,0.34786228381136536,0.4502631861639274,0.47175869207046595,0.528241307929534,0.40989053115815477,0.5901094688418452
35104,0.24357921252943432,0.23027216472263293,0.3668473796615738,0.1593012430863589,0.3327261357766238,0.4704874799488867,0.19678638427448955,0.4991064491064491,0.5008935508935509,0.05986164609700495,0.940138353902995
35105,0.21881478304382015,0.20973622131674888,0.3725069697619558,0.19894202587747517,0.24155410532706026,0.5298527849446046,0.2285931097283351,0.4739505167016852,0.5260494832983148,0.542940510408501,0.457059489591499
35106,0.21875445347014394,0.20699729229015248,0.37587288014821146,0.19837537409149208,0.22147086529403848,0.5550396985600862,0.22348943614587538,0.47939001848428836,0.5206099815157117,0.7221136849939529,0.27788631500604705
35107,0.22641096689514364,0.21736911185649702,0.3742890476884935,0.18193087355986584,NA,NA,NA,NA,NA,NA,NA
35108,0.3004796443612541,0.3138745905474965,0.28521291530182497,0.10043284978942443,NA,NA,NA,NA,NA,NA,NA
35109,0.20613490001129817,0.3126765337250028,0.3343689978533499,0.1468195684103491,NA,NA,NA,NA,NA,NA,NA
35110,0.3140523420570095,0.25665388675890427,0.2564871923098294,0.17280657887425682,NA,NA,NA,NA,NA,NA,NA
35111,0.2318025801870044,0.2768966741626228,0.3293880932654752,0.16191265238489763,NA,NA,NA,NA,NA,NA,NA
35112,0.28381776712088425,0.2428212176150652,0.3235276916778759,0.14983332358617463,NA,NA,NA,NA,NA,NA,NA
35113,0.21324312806307266,0.23497762625186447,0.38115278073726827,0.1706264649477946,NA,NA,NA,NA,NA,NA,NA
35114,0.2438582880786139,0.27628652702353246,0.3496250323247996,0.13023015257305404,NA,NA,NA,NA,NA,NA,NA
35115,0.2622199330414628,0.2694823590007726,0.30141643059490086,0.16688127736286376,NA,NA,NA,NA,NA,NA,NA
35116,0.22186511844901768,0.22984811570162253,0.3546731636514437,0.19361360219791612,NA,NA,NA,NA,NA,NA,NA
35117,0.25434705012492986,0.23874356228647187,0.32282902452705114,0.1840803630615471,NA,NA,NA,NA,NA,NA,NA
35118,0.22547096927556903,0.2558388304510608,0.3190705413918108,0.1996196588815594,NA,NA,NA,NA,NA,NA,NA
35119,0.23801248632297098,0.2429683980176353,0.37735727617944265,0.1416618394799511,NA,NA,NA,NA,NA,NA,NA
35120,0.24979053204859655,0.25413699204021784,0.3236279849183075,0.1724444909928781,NA,NA,NA,NA,NA,NA,NA
35121,0.28877468529853334,0.2534357316087308,0.291892828271163,0.16589675482157293,NA,NA,NA,NA,NA,NA,NA
46001,0.25546218487394956,0.2257215929850201,0.3202046035805627,0.19861161856046766,0.3007054305630922,0.4766039153483324,0.22269065408857536,0.49065029305051633,0.5093497069494837,0.06813404950957497,0.9318659504904251
46002,0.2208303507516106,0.21073729420186113,0.3481746599856836,0.22025769506084467,0.27779887749504156,0.40207621217875683,0.3201249103262016,0.48073047089720883,0.5192695291027912,0.07190855994473404,0.928091440055266
46003,0.34728603028756166,0.26765356474391694,0.29777097158414156,0.08728943338437979,0.20778009437067924,0.6569186875891584,0.1353012180401624,0.5068484423775244,0.49315155762247564,0.016630281237960703,0.9833697187620393
46004,0.2136373382889,0.19898506182545922,0.35158316060324496,0.23579443928239582,0.27894271294031947,0.5525261460013529,0.1685311410583277,0.49628985894779065,0.5037101410522093,0.01836961042562041,0.9816303895743796
46005,0.25619893428063945,0.25371225577264656,0.3305861456483126,0.15950266429840143,0.2784037558685446,0.5108408023900982,0.21075544174135724,0.4886158294181424,0.5113841705818576,0.13819156714599073,0.8618084328540092
46006,0.2233109096226967,0.2170225212050307,0.356975723895876,0.2026908452763966,0.2684364630099551,0.4204567636150693,0.3111067733749756,0.4800292941242747,0.5199707058757254,0.15997948250313462,0.8400205174968653
46007,0.2612063400989744,0.23101197733629777,0.32640034425876785,0.18138133830595998,0.2554721977052074,0.5505736981465137,0.1939541041482789,0.49790006461339653,0.5020999353866035,0.022765162402989366,0.9772348375970107
46008,0.26005440776413496,0.2479964708477318,0.3410778619219175,0.1508712594662157,0.29249665380678685,0.5229509487441933,0.18455239744901977,0.5039354085207942,0.4960645914792058,0.023183120604324044,0.976816879395676
46009,0.2331870310066544,0.23821322384255983,0.32868469488885743,0.19991505026192835,0.24541724696051492,0.38886588624985885,0.3657168667896262,0.4831824784892167,0.5168175215107833,0.1513135448652337,0.8486864551347663
46010,0.19770341207349082,0.1952755905511811,0.3902230971128609,0.2167979002624672,0.3168845663265306,0.49569515306122447,0.1874202806122449,0.5047710946713841,0.49522890532861585,0.012126292260407935,0.987873707739592
46011,0.28443662488087385,0.2757862326808885,0.3081885492265963,0.13158859321164137,0.22261498968985396,0.4436729369187392,0.3337120733914068,0.5041755562328558,0.4958244437671442,0.35782035775669996,0.6421796422433
46012,0.2715440177358221,0.2559536580133019,0.3380533504970321,0.13444897375384396,0.236273022751896,0.5191765980498375,0.24455037919826653,0.4883996212121212,0.5116003787878788,0.41546125682732127,0.5845387431726787
46013,0.2825516213723125,0.23735187681827857,0.34811608600014193,0.131980415809267,0.2070156883483166,0.29980609906575006,0.49317821258593336,0.48446373084753025,0.5155362691524698,0.2619047619047619,0.7380952380952381
46014,0.2561692878148574,0.22982994501981843,0.3151770873289861,0.19882367983633806,0.18144746219019717,0.2967376672737351,0.5218148705360678,0.4775266469757288,0.5224733530242712,0.1174501050420168,0.8825498949579832
47001,0.27236890355702237,0.22643931059772643,0.3291162449578291,0.17207554088742208,0.30633479547077425,0.5334081403651943,0.16025706416403143,0.4999672324529786,0.5000327675470214,0.029650499765210975,0.970349500234789
47002,0.20780375077770866,0.18789440938583238,0.37090036441205226,0.23340147542440673,0.2753379055869731,0.3587614807684595,0.36590061364456744,0.4866729015665186,0.5133270984334815,0.09315736282028417,0.9068426371797158
47003,0.3330944825468318,0.24198996826696695,0.3008496263691268,0.12406592281707442,0.23457989315201555,0.6389630888780962,0.12645701796988829,0.5013660245183887,0.4986339754816112,0.007907109274825474,0.9920928907251745
47004,0.22801189019059276,0.23998950865535934,0.34944920440636473,0.18254939674768317,0.3186186570989236,0.5096104561763198,0.17177088672475654,0.49934404722859954,0.5006559527714005,0.030841702959736914,0.9691582970402631
47005,0.21039662983864557,0.2022096812654002,0.374135601303553,0.21325808759240125,0.2796486825595985,0.3958845671267252,0.3244667503136763,0.4833673767143274,0.5166326232856726,0.07531411677753141,0.9246858832224686
47006,0.24121632267212856,0.21561367575232393,0.3386639357176619,0.2045060658578856,0.3121976592977893,0.4950325097529259,0.1927698309492848,0.4919843728950559,0.5080156271049441,0.02515461052046418,0.9748453894795358
47007,0.2621359223300971,0.24476638349514562,0.3374544902912621,0.15564320388349515,0.3064516129032258,0.4462028516533522,0.24734553544342197,0.4932764140875133,0.5067235859124867,0.06556417386213961,0.9344358261378604
47008,0.25253049571762265,0.2408512847132105,0.33047841508781034,0.17613980448135652,0.2780948317243586,0.542108912475332,0.17979625580030936,0.4963493400730132,0.5036506599269868,0.05731577073691705,0.9426842292630829
47009,0.27711496746203906,0.23280136349550667,0.3183297180043384,0.1717539510381159,0.25174331728374566,0.35717250539598205,0.3910841773202723,0.49936552057526135,0.5006344794247387,0.10271102895871842,0.8972889710412816
47010,0.2915916898413218,0.21315229838050057,0.3071323409128088,0.18812367086536888,0.3115101382023605,0.4944517300514476,0.19403813174619186,0.4952328691954181,0.5047671308045819,0.12320675105485232,0.8767932489451477
47011,0.32119543845851356,0.23248132127408572,0.3090051120723555,0.1373181281950452,0.30804407473542095,0.4130046600757807,0.27895126518879837,0.494215977227303,0.505784022772697,0.06618785214537799,0.933812147854622
47012,0.28713110788582485,0.26326398967908404,0.31220770843412354,0.1373971940009676,0.31626607043040805,0.5358859698155394,0.14784795975405254,0.5054032198779681,0.4945967801220319,0.021199819576003608,0.9788001804239964
47013,0.23471672119855347,0.21809884622007922,0.33872912002755295,0.20845531255381436,0.22928547467292854,0.39823045957732306,0.3724840657497484,0.4912142031981516,0.5087857968018483,0.12913434688178715,0.8708656531182128
47014,0.18418612492624126,0.18915957177779652,0.35775099047458486,0.2689033128213774,0.3019557154096887,0.5501854557716084,0.14785882881870294,0.49458483754512633,0.5054151624548736,0.019414507375984102,0.980585492624016
48001,0.26752921535893154,0.29620796565704743,0.33514190317195325,0.10112091581206774,0.3475749879051766,0.4309687953555878,0.2214562167392356,0.52931744312026,0.47068255687974,0.12110620822229018,0.8788937917777098
48002,0.224577239488117,0.2179501828153565,0.3554616087751371,0.2020109689213894,0.2848293415928118,0.522892453003772,0.19227820540341622,0.5167902899527984,0.48320971004720165,0.3329410699737485,0.6670589300262515
48003,0.24468818552178,0.278094641178314,0.3402695079912253,0.13694766530868066,0.23923905202126808,0.3003981083175248,0.46036283966120717,0.4987149888922769,0.5012850111077232,0.1978148871913306,0.8021851128086694
48004,0.30005591419712296,0.31169623341635744,0.2687947948965587,0.11945305748996086,0.23617665704021976,0.4580779976990444,0.3057453452607358,0.5025832472250925,0.4974167527749075,0.5999463645201301,0.40005363547986994
48005,0.2777239585988885,0.26130627644929383,0.29776168867587827,0.16320807627593942,0.22188139059304704,0.2740286298568507,0.5040899795501023,0.4931740614334471,0.5068259385665529,0.4097511058295372,0.5902488941704628
48006,0.2672686230248307,0.26636568848758463,0.3417607223476298,0.12460496613995485,0.20680290895701003,0.25232440393997974,0.5408726871030102,0.5081710845257643,0.4918289154742357,0.22520269452623937,0.7747973054737607
48007,0.25070641032744195,0.25890631059892516,0.34040667072968034,0.14998060834395258,0.29541162093100765,0.3308076880346628,0.37378069103432954,0.4998855648193559,0.5001144351806441,0.15201477280221593,0.8479852271977841
48008,0.2489789250122529,0.2525186516364428,0.3548984370745521,0.14360398627675217,0.25461183704842427,0.29338009223674094,0.45200807071483473,0.49231674141607235,0.5076832585839276,0.23289047672211677,0.7671095232778832
48009,0.25958685551139227,0.2623859374125287,0.3622571796450764,0.11577002743100263,0.20530550398019506,0.2162323665620932,0.5784621294577118,0.48659669764021657,0.5134033023597834,0.21862141666950047,0.7813785833304996
48010,0.248549833011074,0.3261850354485264,0.3275912579832425,0.09767387355715709,0.34380300460382845,0.46698570390113886,0.1892112914950327,0.50245049209068815,0.49754950790931185,0.06921130324757487,0.9307886967524251
48011,0.262495671245527,0.3456077571280157,0.3170379776059102,0.07485859402054715,0.2778630564432925,0.39563149550819093,0.32650544804851656,0.4988340741820302,0.5011659258179698,0.39536758777395004,0.60463241222605
48012,0.23105632209907262,0.2928070572268717,0.3408731056322099,0.13526351504184575,0.2535840008162849,0.3512830978011326,0.3951329013825825,0.5056993974922651,0.4943006025077349,0.2308408840714709,0.769159115928529
48013,0.287473841554559,0.34618834080717487,0.2878923766816143,0.07844544095665172,0.30018623927812604,0.4877632925005902,0.21205046822128373,0.5077446305127352,0.4922553694872648,0.3018911000342453,0.6981088999657548
48014,0.2924443977075556,0.25595457174404546,0.296861033703139,0.15473999684526,0.2419365320047655,0.2739521282356764,0.4841113397595581,0.4895663460578427,0.5104336539421573,0.2898253172225775,0.7101746827774225
48015,0.2507823222618721,0.23832006587976942,0.3190776832281087,0.1918199286302498,0.3064461955819662,0.3993540886190415,0.2941997157989924,0.49242812202794645,0.5075718779720535,0.20311159198597173,0.7968884080140283
48016,0.2978835053349659,0.2676811847705673,0.32377120867587894,0.11066410121858784,0.33696044556753135,0.38984580475478314,0.2731937496776855,0.4955807158509861,0.5044192841490138,0.1367369589345172,0.8632630410654828
48017,0.2896686622014107,0.2798292928694209,0.3263588406140715,0.10414320431509691,0.3118659523538128,0.3779094950416049,0.31022455260458226,0.4936917894180593,0.5063082105819406,0.17704753961634695,0.822952460383653
48018,0.2635757017947538,0.2632880809940175,0.3221928209848136,0.1509433962264151,0.2244272975650764,0.2785000150118594,0.4970726874230642,0.5020014825796887,0.4979985174203113,0.16599969606402917,0.8340003039359708
48019,0.3171428571428571,0.23615384615384616,0.2853846153846154,0.16131868131868132,0.31150088146532406,0.42725670063047183,0.26124241790420416,0.4903631729850271,0.5096368270149729,0.06553469114633433,0.9344653088536656
48020,0.273832966523804,0.2636974400556006,0.327290628981814,0.1351789644387814,0.3207870986832372,0.4033732800710164,0.2758396212457464,0.5006463079657457,0.49935369203425434,0.03822405174948545,0.9617759482505146
48021,0.2583194913798041,0.2996735208202073,0.31290451915917294,0.12910246864081562,0.32653384937503965,0.502823424909587,0.1706427257153734,0.4989346145811573,0.5010653854188427,0.06564008873809213,0.9343599112619079
48022,0.21101241249485264,0.22742514265545033,0.38961115359727044,0.1719512912524266,0.3190166857725131,0.5354731881289008,0.14551012609858616,0.5104522113632599,0.4895477886367401,0.04090863064096938,0.9590913693590306
48023,0.32588017294626315,0.313526868437307,0.30988264360716494,0.05071031500926498,0.3533532998181624,0.4457696010268478,0.20087709915498983,0.5000744546199092,0.4999255453800908,0.07157549900959927,0.9284245009904007
48024,0.3082109318564893,0.2837105706718035,0.3065856007705273,0.10149289670117986,0.3693112912491224,0.4584796068168762,0.1722091019340014,0.5058858653928175,0.49411413460718245,0.027733615968910087,0.9722663840310899
48025,0.235308213023423,0.23548792907206614,0.34307793685976157,0.1861259210447493,0.3632257392029464,0.47580000694902885,0.16097425384802475,0.5120029489010736,0.48799705109892644,0.029892836999435984,0.970107163000564
48026,0.28408370323398857,0.22430391422147922,0.3152706519859342,0.17634173055859803,0.33954683177446976,0.5028652351468844,0.15758793307864577,0.5020214448936544,0.4979785551063456,0.027715690657130084,0.9722843093428699
48027,0.2459066658490219,0.23394861102593978,0.33727846936898265,0.18286625375605567,0.3377464716316615,0.3756394765932286,0.2866140517751099,0.5036430529505121,0.4963569470494878,0.06591484293583445,0.9340851570641655
48028,0.2702966075887691,0.2529995736646568,0.32669468298921983,0.15000913575735428,0.3500434858236215,0.5168898938945904,0.13306662028178814,0.5167495854063018,0.48325041459369816,0.029593810444874274,0.9704061895551257
48029,0.24246946332835903,0.24512242303653348,0.3452716520201183,0.1671364616149892,NA,NA,NA,NA,NA,NA,NA
48030,0.28207410704350727,0.2557026816512741,0.3291977300545232,0.13302548125069544,NA,NA,NA,NA,NA,NA,NA
48031,0.25726924211147156,0.2568563845473312,0.3531111766440578,0.13276319669713949,NA,NA,NA,NA,NA,NA,NA
48032,0.24335594351162015,0.2578116312687646,0.36350494829311686,0.13532747692649838,NA,NA,NA,NA,NA,NA,NA
48033,0.2553318597287771,0.26118645080351277,0.35581575960332157,0.12766592986438854,NA,NA,NA,NA,NA,NA,NA
48034,0.23789460445227015,0.24323984404477425,0.3695761539429003,0.14928939756005533,NA,NA,NA,NA,NA,NA,NA
59001,0.2562139091137334,0.23368064273160935,0.31703489831785087,0.19307054983680644,0.25940849383511966,0.4685577672119698,0.2720337389529105,0.493477367024259,0.5065226329757411,0.29494703147625945,0.7050529685237406
59002,0.24983965949507317,0.23864497696927292,0.34686024138534194,0.16465512215031194,0.2309348093480935,0.3151650266502665,0.45390016400164,0.49071144641843106,0.5092885535815689,0.547221765576196,0.45277823442380405
59003,0.24980813507290867,0.26581515184738513,0.3217848920074553,0.16259182107225084,0.23422828292360684,0.3081206058604256,0.4576511112159675,0.4902399272258651,0.5097600727741348,0.5983751053882118,0.40162489461178813
59004,0.23872424499012138,0.23099068585944116,0.37431555179226644,0.15596951735817105,0.30775441656170266,0.4913606562671576,0.20088492717113976,0.5010565968393973,0.4989434031606027,0.06002969010948228,0.9399703098905178
59005,0.18858246001103143,0.18008825151682295,0.35548814120242694,0.2758411472697187,0.3140169445533211,0.47821629933367504,0.20776675611300388,0.4980285855101035,0.5019714144898965,0.04467281879194631,0.9553271812080537
59006,0.22266348954196452,0.22200158856235108,0.3398861530315065,0.2154487688641779,0.24821572550542,0.3601098933914653,0.39167438110311464,0.48402297818867246,0.5159770218113275,0.425010216591745,0.574989783408255
59007,0.24833052487049867,0.3016289084441116,0.31373650377582224,0.1363040629095675,0.3488768685549841,0.42718964001172427,0.22393349143329158,0.4951611066833656,0.5048388933166345,0.12143847220083166,0.8785615277991683
59008,0.2508357538225462,0.2574669808735683,0.3680605030963994,0.12363676220748616,0.3251964723422536,0.3919844338311475,0.2828190938265989,0.4918931176537284,0.5081068823462715,0.08411465309402626,0.9158853469059738
59009,0.1605143957932004,0.17113552350705472,0.38241266205029417,0.2859374186494507,0.23057094986467327,0.41637668084375135,0.35305236929157535,0.49372384937238495,0.5062761506276151,0.569723123444735,0.4302768765552651
59010,0.20237521099590064,0.22130455751145406,0.37894863756932723,0.19737159392331807,0.3055189409135194,0.43850650467075475,0.2559745544157258,0.49503015179871074,0.5049698482012892,0.05406893047675502,0.945931069523245
59011,0.21842042186001917,0.21686241610738255,0.37775647171620325,0.186960690316395,0.34224067658447116,0.3789484410026493,0.27881088241287955,0.4820944817604928,0.5179055182395071,0.06942443315386365,0.9305755668461363
59012,0.2691488168666592,0.25277559717393744,0.3456319389929348,0.13244364696646854,0.3516699410609037,0.42726915520628683,0.22106090373280943,0.5004828173814257,0.49951718261857425,0.02911779998844532,0.9708822000115547
59013,0.22015480797856504,0.20388012305249578,0.37803909893817605,0.19792597003076312,0.3112408209376765,0.4111950937407537,0.2775640853215698,0.48765646062006546,0.5123435393799345,0.1292891439278604,0.8707108560721396
59014,0.23144599773303826,0.21919360932692827,0.3565067199222756,0.19285367301775785,0.3258565105731927,0.40708158024151686,0.26706190918529044,0.48516990768022,0.51483009231978,0.05101999758580453,0.9489800024141954
59015,0.19144602851323828,0.21632630593934057,0.38905708152144,0.20317058402598118,0.32657794175780736,0.41821056792726313,0.2552114903149295,0.4895320901498684,0.5104679098501316,0.04603081724205188,0.9539691827579481
59016,0.2298877872113044,0.23463753488095945,0.3667992637891112,0.16867541411862494,0.2210871552233991,0.45623420614011506,0.3226786386364858,0.4982220311828377,0.5017779688171623,0.6256414273962944,0.3743585726037056
59017,0.2323804325578222,0.2409087807873371,0.35641672920788703,0.17029405744695367,0.2737051480017797,0.32557774346358187,0.40071710853463843,0.49373474369406023,0.5062652563059398,0.32676953625946303,0.673230463740537
59018,0.20319229794780846,0.1943248036483405,0.3724347605776539,0.23004813782619712,0.34616171954964176,0.44740459131451965,0.20643368913583857,0.4855443581695027,0.5144556418304973,0.02453701741746832,0.9754629825825317
59019,0.23655165023574795,0.26778825546506646,0.34124517788255465,0.15441491641663094,0.2370807114898677,0.25509091809939055,0.5078283704107417,0.48109169448262323,0.5189083055173768,0.2358823762847732,0.7641176237152268
59020,0.17921578061101756,0.17791676689920616,0.38445994707721914,0.25840750541255714,0.35024087024087025,0.42001554001554003,0.22974358974358974,0.48352951510892483,0.5164704848910752,0.03960884582604405,0.9603911541739559
59021,0.21497193436960277,0.24233592400690845,0.36544689119170987,0.17724525043177894,0.26176028084252756,0.3234704112337011,0.4147693079237713,0.4899579815735708,0.5100420184264292,0.3868825722273998,0.6131174277726001
59022,0.23577922077922078,0.25136363636363634,0.3657142857142857,0.14714285714285713,0.34581926107870226,0.49684440350697645,0.1573363354143213,0.5128568727547741,0.48714312724522596,0.03329478654717163,0.9667052134528283
59023,0.23808996233104365,0.2603589629957899,0.3600709062707733,0.14148016840239308,0.17788937264991095,0.3311151791015238,0.4909954482485652,0.47635336701006326,0.5236466329899367,0.7385021814834087,0.26149781851659126
59024,0.26259885701091035,0.2530162212087976,0.35559660566876405,0.12878831611152802,0.2593295559215117,0.3142881067351439,0.4263823373433444,0.4787785344126087,0.5212214655873914,0.13061349424985788,0.8693865057501421
59025,0.24105821410952147,0.21361618154908732,0.37660335471139617,0.16872224962999507,0.2990807354116707,0.5135491606714628,0.1873701039168665,0.5095272484861952,0.49047275151380476,0.040933049231804415,0.9590669507681956
59026,0.22033898305084745,0.24078226857887874,0.37121251629726204,0.16766623207301173,0.3499840916321985,0.41761233075264254,0.2324035776151589,0.49405339186361086,0.5059466081363891,0.04057591623036649,0.9594240837696335
59027,0.18135593220338983,0.15587752870420996,0.3799890650628759,0.28277747402952436,0.28012771459482283,0.33242736892102276,0.3874449164841544,0.47694355280670164,0.5230564471932984,0.18889066752040978,0.8111093324795902
59028,0.23014620083739445,0.23151897865330495,0.3849268995813028,0.1534079209279978,0.23374549059565444,0.49921515710627046,0.26703935229807507,0.5042076849793585,0.49579231502064147,0.610769786772678,0.389230213227322
59029,0.16423807080554131,0.1736788096459723,0.3835813237557722,0.2785017957927142,0.18653331350386673,0.17762864366448541,0.6358380428316478,0.49938078239965034,0.5006192176003497,0.3196782086453622,0.6803217913546378
59030,0.1791850760922926,0.1877761413843888,0.37236131566028474,0.2606774668630339,0.21803107048869522,0.35414131695860096,0.4278276125527038,0.5088786956719197,0.4911213043280803,0.4479141606120387,0.5520858393879613
59031,0.23665285226718674,0.24457581667479278,0.36847879083373963,0.15029254022428085,0.3454815591679776,0.42716890986424283,0.22734953096777952,0.49224920802534317,0.5077507919746568,0.03378987591773647,0.9662101240822636
59032,0.2694169416941694,0.27266226622662265,0.32585258525852584,0.13206820682068207,0.2078931887357086,0.3831751796813055,0.4089316315829859,0.48535296942532413,0.5146470305746759,0.6709422394320749,0.32905776056792513
59033,0.2703968301614937,0.2825838986612235,0.31074022933301315,0.13627904184426967,0.13097862662736998,0.17335406465387204,0.6956673087187579,0.47121815123292166,0.5287818487670783,0.3887080620931397,0.6112919379068603
59034,0.2790132395531651,0.33228175424079437,0.27223831195697146,0.1164666942490691,0.19439741826261772,0.382023066342186,0.4235795153951963,0.4798673997412678,0.5201326002587322,0.7745509968693359,0.22544900313066404
59035,0.23089497343686147,0.305016346546792,0.31594809971393545,0.14814058030241112,0.21833795013850416,0.2670914127423823,0.5145706371191135,0.46800072111051016,0.5319992788894898,0.11772193673094149,0.8822780632690586
59036,0.2438044585266493,0.2879936630078081,0.31656670815887744,0.15163517030666515,0.2491732045866023,0.30300543150271575,0.44782136391068195,0.48708087521469645,0.5129191247853035,0.15991325191188221,0.8400867480881178
59037,0.17632299270072993,0.18778512773722628,0.416970802919708,0.21892107664233576,NA,NA,NA,NA,NA,NA,NA
59038,0.2508171340099776,0.2663570158839383,0.3257067492402087,0.15711910086587533,NA,NA,NA,NA,NA,NA,NA
59039,0.2633579126488939,0.2453771979580261,0.32631877481565513,0.16494611457742483,NA,NA,NA,NA,NA,NA,NA
59040,0.24274560074583382,0.23412189721477683,0.338189022258478,0.18494347978091133,NA,NA,NA,NA,NA,NA,NA
59041,0.2390170511534604,0.21659979939819457,0.31915747241725173,0.22522567703109328,NA,NA,NA,NA,NA,NA,NA
59042,0.19773659346934538,0.2109744068940456,0.36868608212635623,0.22260291751025282,NA,NA,NA,NA,NA,NA,NA
60001,0.24282403280442147,0.2553039757532537,0.39133535389552504,0.11053663754679978,0.315354713313897,0.3564625850340136,0.3281827016520894,0.5030973451327434,0.49690265486725665,0.06077430972388956,0.9392256902761105
61001,0.31340523882896765,0.28736517719568566,0.3254237288135593,0.07380585516178736,0.2902780176135383,0.44448281816611984,0.2652391642203419,0.507959479015919,0.492040520984081,0.06678921568627451,0.9332107843137255
62001,0.40134946486738016,0.2996742671009772,0.249185667752443,0.049790600279199626,0.22095548317046687,0.6259500542888164,0.15309446254071662,0.5138692994828397,0.48613070051716034,0.01609086606720303,0.983909133932797
