"year","name_english","Bloc_funds","CPC_funds","Green_funds","LPC_funds","NDP_funds","total_funds","district_code","population"
2004,"Abbotsford",0,66157,700,4590,0,71447,59001,124515
2004,"Abitibi–Baie-James–Nunavik–Eeyou",15959.49,0,0.01,44400,0,60359.5,24046,80894
2004,"Abitibi–Témiscamingue",11090,0.01,0.01,5975,1250,18315.02,24001,102795
2004,"Acadie–Bathurst",0,74950,6908.16,0,10910,92768.16,13001,78948
2004,"Ahuntsic",13805,11510,2700,9430,920,38365,24002,100471
2004,"Ajax–Pickering",0,33200.1,625,0,2075,35900.1,35001,117183
2004,"Alfred-Pellan",100,2575,0,5300,400,8375,24003,104765
2004,"Algoma–Manitoulin–Kapuskasing",0,16205,850,9325,13807.45,40187.45,35002,77961
2004,"Ancaster–Dundas–Flamborough–Westdale",0,42400,630,26933.18,29321,99284.18,35003,111844
2004,"Argenteuil–Papineau–Mirabel",37675,0.01,1000.78,6020,0,44695.79,24004,111534
2004,"Avalon",0,13500,1000,25205,0,39705,10001,78381
2004,"Barrie",0,32195,0.01,56510,6340,95045.01,35004,128430
2004,"Bas-Richelieu–Nicolet–Bécancour",100,100,0.01,9825,0,10025.01,24054,91745
2004,"Battlefords–Lloydminster",0,30248,0,11530,18981,60759,47001,71184
2004,"Beaches–East York",0,6905,1070,3500,35435,46910,35005,104831
2004,"Beauce",7535.03,500,0,167885,75,175995.03,24005,103617
2004,"Beauharnois–Salaberry",0,15350,354,23950,0,39654,24006,106856
2004,"Beauport–Limoilou",6868.76,210,200,25700,0,32978.76,24007,101331
2004,"Beauséjour",0,26440,45,0.01,4995,31480.01,13002,76259
2004,"Berthier–Maskinongé",8835,3575,0.01,5140,300,17850.01,24008,107911
2004,"Blackstrap",0,27070,29,37175,112.3,64386.3,47002,76273
2004,"Bonavista–Gander–Grand Falls–Windsor",0,17310,0,21749,720,39779,10002,86394
2004,"Bourassa",0,0,0.01,10690,7500,18190.01,24009,100683
2004,"Bramalea–Gore–Malton",0,8400,0,1801,3400,13601,35006,152698
2004,"Brampton–Springdale",0,17001,985,87471,9065,114522,35007,131797
2004,"Brampton West",0,106853,8393,16325,1125,132696,35008,170422
2004,"Brandon–Souris",0,47340,0,24760,9625.29,81725.29,46001,84602
2004,"Brant",0,27956,1605,23967,15813,69341,35009,125136
2004,"British Columbia Southern Interior",0,16669.52,4700,17450,0,38819.52,59026,95477
2004,"Brome–Missisquoi",7760,7700,0.01,0,250,15710.01,24010,92591
2004,"Brossard–La Prairie",12810,0,0.01,15400,1340,29550.01,24011,113985
2004,"Bruce–Grey–Owen Sound",0,46453.5,1500,19446.88,10382,77782.38,35026,105947
2004,"Burlington",0,45220,750,24381.02,8065,78416.02,35010,118310
2004,"Burnaby–Douglas",0,26803,0,45925,16890.07,89618.07,59002,112119
2004,"Burnaby–New Westminster",0,26505,0,32483.26,40722,99710.26,59003,118713
2004,"Calgary–Nose Hill",0,28705.79,100,11210,2301,42316.79,48005,130942
2004,"Calgary Centre",0,73485,950,80986.35,4250,159671.35,48006,124197
2004,"Calgary Centre-North",0,33220,2100,48670.26,11368.63,95358.89,48003,114615
2004,"Calgary East",0,27050,2000,22750,3700.64,55500.64,48002,110479
2004,"Calgary Northeast",0,58776.11,0,25656,170,84602.11,48004,129015
2004,"Calgary Southeast",0,50719.51,50,7160,2730,60659.51,48007,125738
2004,"Calgary Southwest",0,65140,20,23410,50,88620,48008,120750
2004,"Calgary West",0,25086,490,16326,1340,43242,48009,132162
2004,"Cambridge",0,45113.3,0,13107,7180,65400.3,35011,129434
2004,"Cape Breton–Canso",0,25470.82,0,49196,12255,86921.82,12001,71968
2004,"Cardigan",0,27760,950,26600,19057.25,74367.25,11001,35067
2004,"Cariboo–Prince George",0,15500,0,39675,13663.14,68838.14,59004,106382
2004,"Carleton–Mississippi Mills",0,43565,4135,42065,6344,96109,35012,128915
2004,"Central Nova",0,74873.85,0,36725,9883.91,121482.76,12002,72966
2004,"Chambly–Borduas",1000,20698.78,0.01,18140,200,40038.79,24012,116925
2004,"Charlesbourg–Haute-Saint-Charles",10875,4100,0,24500,2188,41663,24013,94522
2004,"Charleswood–St. James–Assiniboia",0,27392,0,43215,3720,74327,46002,81469
2004,"Charlottetown",0,26906.5,710.9,54670,16287.87,98575.27,11002,32174
2004,"Châteauguay–Saint-Constant",22226.72,1850,3360,33331.6,0,60768.32,24015,107165
2004,"Chatham-Kent–Essex",0,48689.62,3441.04,26370,9972,88472.66,35013,109484
2004,"Chicoutimi–Le Fjord",3820,9350,0,31875,2645,47690,24016,96483
2004,"Chilliwack–Fraser Canyon",0,67014,0,8650.65,4491.99,80156.64,59005,112118
2004,"Churchill",0,9875,0,25767.86,42595,78237.86,46003,75232
2004,"Compton–Stanstead",9935,5080,0.01,20990,0,36005.01,24017,100148
2004,"Crowfoot",0,25210,447.38,3740,2675,32072.38,48010,114825
2004,"Cumberland–Colchester–Musquodoboit Valley",0,37125,500,25595,8525,71745,12007,87895
2004,"Cypress Hills–Grasslands",0,26380,1424.82,7360,6905,42069.82,47004,60551
2004,"Dartmouth–Cole Harbour",0,26110.5,0,65775,27085.83,118971.33,12003,87886
2004,"Dauphin–Swan River–Marquette",0,33203.18,0,20483,14023,67709.18,46004,75103
2004,"Davenport",0,18397.43,1940,3000,10077,33414.43,35015,104615
2004,"Delta–Richmond East",0,66342.25,2086,40129,10324.43,118881.68,59006,106103
2004,"Desnethé–Missinippi–Churchill River",0,9199.75,0,22184.07,1880,33263.82,47003,67937
2004,"Don Valley East",0,23380,0,38193.33,14906,76479.33,35016,109640
2004,"Don Valley West",0,50755,0,56617,10045,117417,35017,117083
2004,"Drummond",7100,44209.58,0,200,0,51509.58,24018,92982
2004,"Dufferin–Caledon",0,39955,8188,21375,1880,71398,35018,111486
2004,"Durham",0,21155,0,14100,7740,42995,35014,118500
2004,"Edmonton–Leduc",0,67350,410,16650,7714.02,92124.02,48014,116986
2004,"Edmonton–Mill Woods–Beaumont",0,47061,0,59026,3245.23,109332.23,48011,112919
2004,"Edmonton–Sherwood Park",0,10402.52,650,21525,150,32727.52,48016,118073
2004,"Edmonton–Spruce Grove",0,40455,150,36085,2200,78890,48017,128945
2004,"Edmonton–St. Albert",0,26800,800,80754,1577.84,109931.84,48015,126447
2004,"Edmonton–Strathcona",0,26319,345,25950,33827,86441,48018,99267
2004,"Edmonton Centre",0,39905.68,820,115992,11205,167922.68,48012,120326
2004,"Edmonton East",0,12968.84,450,38839.2,8611.55,60869.59,48013,128199
2004,"Eglinton–Lawrence",0,15970,1695,40760,11075,69500,35019,110066
2004,"Egmont",0,21095,1045,31995,5086.16,59221.16,11003,34814
2004,"Elgin–Middlesex–London",0,82471.84,1470,12445,5185,101571.84,35020,110028
2004,"Elmwood–Transcona",0,8077.16,0,1715,16234,26026.16,46005,78700
2004,"Esquimalt–Juan de Fuca",0,5586.01,130,42565,35261.4,83542.41,59008,120669
2004,"Essex",0,31630,0,20705,10424,62759,35021,123872
2004,"Etobicoke–Lakeshore",0,50635,650,23025,10005.43,84315.43,35023,114641
2004,"Etobicoke Centre",0,57691.64,0,13210.47,2998,73900.11,35022,111349
2004,"Etobicoke North",0,12095,0,21192.5,295,33582.5,35024,108501
2004,"Fleetwood–Port Kells",0,32910,0,18150,3815,54875,59009,123243
2004,"Fort McMurray–Athabasca",0,29730,1500,20980,1425,53635,48001,100805
2004,"Fredericton",0,52981,500,0,16783.8,70264.8,13003,85886
2004,"Fundy Royal",0,34845.26,0,15384.85,0,50230.11,13004,69471
2004,"Gaspésie–Îles-de-la-Madeleine",0,825,0,0,2000.75,2825.75,24019,82007
2004,"Gatineau",8985,0,150,12500,0,21635,24020,108742
2004,"Glengarry–Prescott–Russell",0,13905,1280,7260,550,22995,35025,104309
2004,"Guelph",0,48276,10382.27,14250,23890.44,96798.71,35027,114943
2004,"Haldimand–Norfolk",0,38708.27,3170,23355,4540,69773.27,35028,107775
2004,"Haliburton–Kawartha Lakes–Brock",0,45595.22,0,17715,9685,72995.22,35029,119141
2004,"Halifax",0,28770,600,63599,30385,123354,12004,89448
2004,"Halifax West",0,13770,1325,90560.56,18198.25,123853.81,12005,88756
2004,"Halton",0,27600,3000,21947.09,15900,68447.09,35030,151943
2004,"Hamilton Centre",0,5500.68,1282.5,34050,32465,73298.18,35031,117509
2004,"Hamilton East–Stoney Creek",0,13150,1980.24,71870,26800,113800.24,35032,116434
2004,"Hamilton Mountain",0,64884,942.5,11225,15345,92396.5,35033,122729
2004,"Haute-Gaspésie–La Mitis–Matane–Matapédia",4204,1150,0.01,24950,83.78,30387.79,24041,73140
2004,"Hochelaga",0,0.01,1000,11940,0,12940.01,24021,100915
2004,"Honoré-Mercier",1209.97,0,0,57100,200,58509.97,24022,106196
2004,"Hull–Aylmer",3735,1530,2310,12003.88,13270,32848.88,24023,110902
2004,"Humber–St. Barbe–Baie Verte",0,24370.74,0,59275,3525,87170.74,10003,73171
2004,"Huron–Bruce",0,36660,1040,34198.65,26683.08,98581.73,35034,104313
2004,"Jeanne-Le Ber",350,11550,0,5650,1695,19245,24024,112863
2004,"Joliette",10870,0,60,670,315,11915,24025,108169
2004,"Jonquière–Alma",22831,3300,0,10650,3015,39796,24026,97232
2004,"Kamloops–Thompson–Cariboo",0,42685,1052.02,38008.02,32507.46,114252.5,59010,114675
2004,"Kelowna–Lake Country",0,25349.26,2550,33270,0,61169.26,59011,122214
2004,"Kenora",0,16205,1815,26020,10840,54880,35035,64291
2004,"Kildonan–St. Paul",0,27911,0,37265.5,6875,72051.5,46006,81532
2004,"Kings–Hants",0,47608.83,3385,64140,18555,133688.83,12006,81531
2004,"Kingston and the Islands",0,33264.7,4189.18,66525.25,20150,124129.13,35036,119069
2004,"Kitchener–Conestoga",0,22400,3200,25900,2050,53550,35038,114405
2004,"Kitchener–Waterloo",0,17755,2365,37954,6640,64714,35039,126742
2004,"Kitchener Centre",0,15336.36,880,29183,17339,62738.36,35037,107540
2004,"Kootenay–Columbia",0,57475.41,1427.5,19650,21722.51,100275.42,59012,86811
2004,"La Pointe-de-l'Île",17335.02,1050,0,0,0,18385.02,24028,99685
2004,"Labrador",0,8300,0,42247.5,0,50547.5,10004,26364
2004,"Lac-Saint-Louis",450,4079.5,480,14590,3389.95,22989.45,24027,105622
2004,"Lambton–Kent–Middlesex",0,36177.6,1260,24642.11,6972.55,69052.26,35046,107635
2004,"Lanark–Frontenac–Lennox and Addington",0,31705,1500,11665,12729,57599,35040,117389
2004,"Langley",0,39745,1920,8180,0,49845,59013,117858
2004,"LaSalle–Émard",941.47,0,200,9350,1205,11696.47,24029,100327
2004,"Laurentides–Labelle",0.01,3250,0.01,0,0,3250.02,24030,105884
2004,"Laurier–Sainte-Marie",0,180,2392.77,3200,681.8,6454.57,24031,101758
2004,"Laval",0.01,5490,0.01,0.01,450,5940.03,24032,102230
2004,"Laval–Les Îles",4188.01,1400,1090,16340,1250,24268.01,24033,111958
2004,"Leeds–Grenville",0,50091,200,27401,8620,86312,35041,99206
2004,"Lethbridge",0,52963.25,60,20760,7325,81108.25,48019,113531
2004,"Lévis–Bellechasse",12963.84,7375,950,67013.14,0,88301.98,24034,105927
2004,"London–Fanshawe",0,21905,535,8900,18570.6,49910.6,35042,107218
2004,"London North Centre",0,58775,550,25290,20574,105189,35043,115250
2004,"London West",0,47025,0,14390,17782.3,79197.3,35044,118335
2004,"Longueuil–Pierre-Boucher",0,1450,0.01,29350,0,30800.01,24035,98032
2004,"Lotbinière–Chutes-de-la-Chaudière",4530,2500,0,12774.96,150,19954.96,24036,100454
2004,"Louis-Hébert",2000,3010,0,31364.27,1445,37819.27,24037,101730
2004,"Louis-Saint-Laurent",1300,58557.53,0,29700,1590,91147.53,24038,96286
2004,"Macleod",0,24785,877.25,31307,865,57834.25,48020,107638
2004,"Madawaska–Restigouche",0,28362.75,0,55855,8915,93132.75,13005,62593
2004,"Malpeque",0,25340,3375,39863,2390,70968,11004,33796
2004,"Manicouagan",6535,3200,200,32299,7485,49719,24039,83608
2004,"Marc-Aurèle-Fortin",15450,0.01,0.01,55549.1,300,71299.12,24040,107149
2004,"Markham–Unionville",0,44245,0,3900,934,49079,35045,127191
2004,"Medicine Hat",0,26875,3220,11777.52,7031.6,48904.12,48021,113085
2004,"Mégantic–L'Érable",0,1800,0.01,9850,0,11650.01,24042,87078
2004,"Miramichi",0,20125,2385,14900,0,37410,13006,53844
2004,"Mississauga–Brampton South",0,26850,0,11701,4910,43461,35047,136470
2004,"Mississauga–Erindale",0,37075,1535,29610,3075,71295,35049,143361
2004,"Mississauga–Streetsville",0,4600,0,82675,3300,90575,35051,130033
2004,"Mississauga East–Cooksville",0,7795,365,8565,1250,17975,35048,126642
2004,"Mississauga South",0,28715.16,4950,8700,4949,47314.16,35050,110932
2004,"Moncton–Riverview–Dieppe",0,29000,225,0,5395,34620,13007,89334
2004,"Montcalm",10900,0,0.01,0,0,10900.01,24043,122825
2004,"Montmagny–L'Islet–Kamouraska–Rivière-du-Loup",0,600,0.01,35395,0,35995.01,24058,97492
2004,"Montmorency–Charlevoix–Haute-Côte-Nord",5275,10850,0,11600,550,28275,24014,90535
2004,"Mount Royal",1028.19,13254,0.01,7186,920,22388.2,24044,98888
2004,"Nanaimo–Alberni",0,22075,20,13853.19,21654.12,57602.31,59014,121434
2004,"Nanaimo–Cowichan",0,31063,2350,5645.5,21973.05,61031.55,59015,125149
2004,"Nepean–Carleton",0,55850,1500,37804.39,10770,105924.39,35052,133245
2004,"New Brunswick Southwest",0,23621,1175,11640,1050,37486,13008,63232
2004,"New Westminster–Coquitlam",0,28890,2895.94,3740,19148.78,54674.72,59017,111231
2004,"Newmarket–Aurora",0,118503,0,23675,11388.47,153566.47,35053,121924
2004,"Newton–North Delta",0,11590,464.48,22938,19323.5,54315.98,59016,118649
2004,"Niagara Falls",0,62630.04,1030,40433,10845,114938.04,35054,126696
2004,"Niagara West–Glanbrook",0,33363.66,425,11670,4685,50143.66,35055,111024
2004,"Nickel Belt",0,29420,0,18925,11865.59,60210.59,35056,89377
2004,"Nipissing–Timiskaming",0,64295,250,36685,12960,114190,35057,90963
2004,"North Vancouver",0,20479,2019,22536,14645,59679,59019,122371
2004,"Northumberland–Quinte West",0,30183,0.01,43557.5,9805,83545.51,35058,123706
2004,"Northwest Territories",0,16363,2049,45825,13097,77334,61001,41464
2004,"Notre-Dame-de-Grâce–Lachine",1177.76,8460.12,1212,26457.13,5214,42521.01,24045,104715
2004,"Nunavut",0,10885,250,6150,7075,24360,62001,29474
2004,"Oak Ridges–Markham",0,37235,0,3000,1730,41965,35059,169642
2004,"Oakville",0,106300.05,6440,24580,250,137570.05,35060,113714
2004,"Okanagan–Coquihalla",0,26165,1515,13058.6,3765,44503.6,59020,107316
2004,"Okanagan–Shuswap",0,16936.7,1205,30613,14690.16,63444.86,59018,116236
2004,"Oshawa",0,19713,0.01,10400,30075,60188.01,35061,116881
2004,"Ottawa–Orléans",0,48354,690,3750,1418.1,54212.1,35063,109950
2004,"Ottawa–Vanier",0,16716.08,1225,11360,17800,47101.08,35065,101611
2004,"Ottawa Centre",0,25572,15080,88214,37307.78,166173.78,35062,109336
2004,"Ottawa South",0,24058,1610,76119.46,25401,127188.46,35064,117581
2004,"Ottawa West–Nepean",0,24473.01,1165,35839.99,10592,72070,35066,109735
2004,"Outremont",7780.04,24341,0.01,2500,4786,39407.05,24047,95771
2004,"Oxford",0,51940,1475,22830,7060,83305,35067,102756
2004,"Palliser",0,62337,250,19475,14313.54,96375.54,47005,65956
2004,"Papineau",18120,24250,0.01,15300,9495,67165.01,24048,101019
2004,"Parkdale–High Park",0,30456.67,10534.76,20901,33434,95326.43,35068,102142
2004,"Parry Sound–Muskoka",0,27000,3700,18381,13255.56,62336.56,35069,90281
2004,"Peace River",0,51987.62,0,0,8900.5,60888.12,48022,138009
2004,"Perth–Wellington",0,29160.8,7705.15,19168.17,11135,67169.12,35070,103874
2004,"Peterborough",0,29980,2327.95,37449,24695,94451.95,35071,116626
2004,"Pickering–Scarborough East",0,9537.08,0,16045,5580,31162.08,35072,106602
2004,"Pierrefonds–Dollard",1740,11550,0.01,17850,2205,33345.01,24049,105504
2004,"Pitt Meadows–Maple Ridge–Mission",0,25900,1700,9150,10938.31,47688.31,59007,120662
2004,"Pontiac",0.01,30060,600,6150,1830.3,38640.31,24050,99589
2004,"Port Moody–Westwood–Port Coquitlam",0,22040.21,600,50100,0,72740.21,59021,116563
2004,"Portage–Lisgar",0,26996.11,0,16222,8323.78,51541.89,46007,85653
2004,"Portneuf–Jacques-Cartier",10500,4500,0.01,22950,0,37950.01,24051,93526
2004,"Prince Albert",0,28286.02,240,23459.08,4158,56143.1,47006,71159
2004,"Prince Edward–Hastings",0,65000,1732.8,45895,25895,138522.8,35073,113227
2004,"Prince George–Peace River",0,43876.13,1130,3200,1500,49706.13,59022,105865
2004,"Provencher",0,79227.18,0,38840.72,255,118322.9,46008,87737
2004,"Québec",0,7175,3130,27257.44,0,37562.44,24052,95433
2004,"Random–Burin–St. George's",0,11500,0,23620,12065,47185,10005,71219
2004,"Red Deer",0,22895,730,14869,3150,41644,48023,124063
2004,"Regina–Lumsden–Lake Centre",0,25910,0,27881,5471.54,59262.54,47007,65885
2004,"Regina–Qu'Appelle",0,45830,0,9705,2865,58400,47008,66698
2004,"Renfrew–Nipissing–Pembroke",0,42677,0,20620,14655,77952,35074,98803
2004,"Repentigny",200,1700,0.01,2990,0,4890.01,24053,109636
2004,"Richmond",0,51090,0,8250,4434.51,63774.51,59023,114137
2004,"Richmond–Arthabaska",10945,3710,251.5,27600,220,42726.5,24055,100116
2004,"Richmond Hill",0,25583,100,31330,7080,64093,35075,122614
2004,"Rimouski-Neigette–Témiscouata–Les Basques",8895,1950,0.01,8475,3940,23260.01,24056,84453
2004,"Rivière-des-Mille-Îles",6955,1025,1035,12500,0,21515,24057,97258
2004,"Rivière-du-Nord",4300,0,0.01,5000,0,9300.01,24059,101576
2004,"Roberval–Lac-Saint-Jean",15899.18,3050,0.01,33725,0,52674.19,24060,78895
2004,"Rosemont–La Petite-Patrie",200,5500,1000,10775,0,17475,24061,105864
2004,"Saanich–Gulf Islands",0,25530,17105.64,20622.1,28420,91677.74,59024,115724
2004,"Sackville–Eastern Shore",0,27865,0,14175,23110.96,65150.96,12008,86963
2004,"Saint-Bruno–Saint-Hubert",500,3645,0.01,31450,1550,37145.01,24062,101416
2004,"Saint-Hyacinthe–Bagot",1535,39550,0.01,23000,0,64085.01,24063,95983
2004,"Saint-Jean",7400,9600,3.6,16110,0,33113.6,24064,102902
2004,"Saint-Lambert",18983,8000,0.02,16440,100,43523.02,24065,94541
2004,"Saint-Laurent–Cartierville",4232,4737.56,2.67,4975,2175,16122.23,24066,109015
2004,"Saint-Léonard–Saint-Michel",4650,1660,0.01,46572.7,1140,54022.71,24067,104786
2004,"Saint-Maurice–Champlain",0,3600,336.68,13670,0,17606.68,24068,96968
2004,"Saint Boniface",0,31859,0,62413,3979,98251,46009,84473
2004,"Saint John",0,40925,680,16650,4241.74,62496.74,13009,82078
2004,"Sarnia–Lambton",0,47266.73,4331,34130,3620,89347.73,35078,105360
2004,"Saskatoon–Humboldt",0,22397.41,58,20895,2236,45586.41,47009,75051
2004,"Saskatoon–Rosetown–Biggar",0,35787.77,258,11685.06,325,48055.83,47010,69547
2004,"Saskatoon–Wanuskewin",0,14817,29,41669,0,56515,47011,72867
2004,"Sault Ste. Marie",0,43724,500,28975,33510,106709,35079,89028
2004,"Scarborough–Agincourt",0,26330,0.01,50901,1220,78451.01,35080,111867
2004,"Scarborough–Guildwood",0,20901.5,0.01,6900,8165.5,35967.01,35082,108813
2004,"Scarborough–Rouge River",0,12342.5,0.01,18955,12102,43399.51,35083,130974
2004,"Scarborough Centre",0,12975,0.01,10501,18150,41626.01,35081,108010
2004,"Scarborough Southwest",0,25429.77,0,0,16905,42334.77,35084,102196
2004,"Selkirk–Interlake",0,46665,0,18320.3,7970,72955.3,46010,90807
2004,"Shefford",20550,1300,0.01,19308.9,0,41158.91,24069,1e+05
2004,"Sherbrooke",0,1300,0.01,74400,800,76500.01,24070,101681
2004,"Simcoe–Grey",0,48304,156.05,55450,5520,109430.05,35085,125985
2004,"Simcoe North",0,45714.94,1041,26105,4195,77055.94,35086,119400
2004,"Skeena–Bulkley Valley",0,30393.2,3510,33305,31922,99130.2,59025,91926
2004,"Souris–Moose Mountain",0,0.01,0,30744.6,9240,39984.61,47012,63238
2004,"South Shore–St. Margaret's",0,44300,1437.3,37400,30940.22,114077.52,12009,82855
2004,"South Surrey–White Rock–Cloverdale",0,42180.06,1310,54551,21915.56,119956.62,59027,111756
2004,"St. Catharines",0,25328.74,980,26081,13899,66288.74,35076,112869
2004,"St. John's East",0,20910,0,41203.22,11537.72,73650.94,10006,88002
2004,"St. John's South–Mount Pearl",0,39560,0,29237.29,25425,94222.29,10007,81938
2004,"St. Paul's",0,39475,2458,32008.63,24872,98813.63,35077,111131
2004,"Stormont–Dundas–South Glengarry",0,37935.6,8916,32325,5130,84306.6,35087,99764
2004,"Sudbury",0,36840,1320,56776.55,15961.5,110898.05,35088,92161
2004,"Surrey North",0,23001,6150,11440,37275,77866,59028,111960
2004,"Sydney–Victoria",0,28579,550,41665,24101,94895,12010,76801
2004,"Terrebonne–Blainville",6955,0,0.01,0.01,0,6955.02,24071,107694
2004,"Thornhill",0,37986.56,1020,27875,1875,68756.56,35089,131978
2004,"Thunder Bay–Rainy River",0,41842.44,225,54450,17173,113690.44,35090,85153
2004,"Thunder Bay–Superior North",0,13115,2060,34980,11265,61420,35091,82589
2004,"Timmins–James Bay",0,17015,0,40925,17779.86,75719.86,35092,80791
2004,"Tobique–Mactaquac",0,32692.49,609,0,2835.59,36137.08,13010,68352
2004,"Toronto–Danforth",0,9400,7855,58665,65381,141301,35094,103655
2004,"Toronto Centre",0,23080,290,10610,15614,49594,35093,121407
2004,"Trinity–Spadina",0,1100,525,5220,118983,125828,35095,115361
2004,"Trois-Rivières",0,3600,0.01,54222.54,615,58437.55,24072,94272
2004,"Vancouver Centre",0,17749.76,340,32854,45862.27,96806.03,59029,123701
2004,"Vancouver East",0,24838,150,35662.44,35433.99,96084.43,59030,106816
2004,"Vancouver Island North",0,30754.98,10233,45603.87,32542.48,119134.33,59031,113356
2004,"Vancouver Kingsway",0,7400,4631.79,127077,60653.92,199762.71,59032,119815
2004,"Vancouver Quadra",0,21965,2145,53061.44,4501.42,81672.86,59033,119627
2004,"Vancouver South",0,20220,1419.99,109088,12181.6,142909.59,59034,120284
2004,"Vaudreuil-Soulanges",49000,18530,1224.75,7900,2000,78654.75,24073,120395
2004,"Vaughan",0,37100,6300,33800,760,77960,35096,154206
2004,"Vegreville–Wainwright",0,15901,106,3510,800,20317,48024,111427
2004,"Verchères–Les Patriotes",24470,1275,0.01,10800,0,36545.01,24074,97726
2004,"Victoria",0,32943,7288,51912.5,40030.89,132174.39,59035,108771
2004,"Wascana",0,19370.23,0,61784,2388.38,83542.61,47013,75717
2004,"Welland",0,10537.79,30,19347.21,15080,44995,35097,112875
2004,"Wellington–Halton Hills",0,24715,0,11915.21,7525,44155.21,35098,111241
2004,"West Nova",0,21279.75,0,70014,14862,106155.75,12011,86393
2004,"West Vancouver–Sunshine Coast–Sea to Sky Country",0,64112.29,13866.2,19637.5,10817,108432.99,59036,129241
2004,"Westlock–St. Paul",0,18030,1100,37403.63,1770,58303.63,48025,101010
2004,"Westmount–Ville-Marie",420.9,31706.86,445,36675,1795,71042.76,24075,100360
2004,"Wetaskiwin",0,24180,1125,8525,5815,39645,48026,107914
2004,"Whitby–Oshawa",0,21350,0.01,39960,9530,70840.01,35099,135893
2004,"Wild Rose",0,20948,600,9215,3820,34583,48027,115872
2004,"Willowdale",0,7720,5850,98330,9287.5,121187.5,35100,129356
2004,"Windsor–Tecumseh",0,19643.17,0,28700,31499,79842.17,35101,118478
2004,"Windsor West",0,15001,0,44369.57,21105,80475.57,35102,122219
2004,"Winnipeg Centre",0,4000,0,24834.49,23860,52694.49,46011,81017
2004,"Winnipeg North",0,5066,200,40167,35727.07,81160.07,46012,79366
2004,"Winnipeg South",0,19447.68,0,60880,4580,84907.68,46013,84424
2004,"Winnipeg South Centre",0,36645.77,0,48541.09,18716.7,103903.56,46014,78286
2004,"Yellowhead",0,14145,2297,1100,1845,19387,48028,103111
2004,"York–Simcoe",0,36479,0.01,12900,6770,56149.01,35104,120371
2004,"York Centre",0,23463.1,0,16977.17,9688.47,50128.74,35103,113457
2004,"York South–Weston",0,7545,0,14495,4645,26685,35105,114458
2004,"York West",0,8020,500,15945,1781.26,26246.26,35106,103948
2004,"Yorkton–Melville",0,33422.26,0,21723.16,484.25,55629.67,47014,66094
2004,"Yukon",0,4500,1406.68,26380.45,20473.78,52760.91,60001,30372
2006,"Abbotsford",0,113386,550,7390,0,121326,59001,124515
2006,"Abitibi–Baie-James–Nunavik–Eeyou",0,0,0,29735.75,0,29735.75,24046,80894
2006,"Abitibi–Témiscamingue",5000,300,0,4775,200,10275,24001,102795
2006,"Acadie–Bathurst",0,38500,1175,0,19075,58750,13001,78948
2006,"Ahuntsic",12275,345,475,24135,700,37930,24002,100471
2006,"Ajax–Pickering",0,0,1200,0,7075,8275,35001,117183
2006,"Alfred-Pellan",0,1020,0,0,200,1220,24003,104765
2006,"Algoma–Manitoulin–Kapuskasing",0,16360,855,6900,11869.48,35984.48,35002,77961
2006,"Ancaster–Dundas–Flamborough–Westdale",0,56070,1750,28965,29926.25,116711.25,35003,111844
2006,"Argenteuil–Papineau–Mirabel",0,4920,625,0,0,5545,24004,111534
2006,"Avalon",0,44700,0,39539,800,85039,10001,78381
2006,"Barrie",0,73685,1850,54387.98,6145,136067.98,35004,128430
2006,"Bas-Richelieu–Nicolet–Bécancour",0,1200,0,27377,0,28577,24054,91745
2006,"Battlefords–Lloydminster",0,29260,60,10500,200,40020,47001,71184
2006,"Beaches–East York",0,32390,1720,27310,58644,120064,35005,104831
2006,"Beauce",16720,65790,0,12500,5,95015,24005,103617
2006,"Beauharnois–Salaberry",50,2075,0,59760.35,1820,63705.35,24006,106856
2006,"Beauport–Limoilou",0,1600,1050,2900,620,6170,24007,101331
2006,"Beauséjour",0,44750,905,0,2165,47820,13002,76259
2006,"Berthier–Maskinongé",0,14750,0,8100,0,22850,24008,107911
2006,"Blackstrap",0,52666.46,0,18190,24940,95796.46,47002,76273
2006,"Bonavista–Gander–Grand Falls–Windsor",0,20375,0,39109,3000,62484,10002,86394
2006,"Bourassa",400,0,500,7900,400,9200,24009,100683
2006,"Bramalea–Gore–Malton",0,48100,2000,3150,150,53400,35006,152698
2006,"Brampton–Springdale",0,11600,2300,32900,11876,58676,35007,131797
2006,"Brampton West",0,18960,1620,19750,8290,48620,35008,170422
2006,"Brandon–Souris",0,54456,500,13697,5689.75,74342.75,46001,84602
2006,"Brant",0,58419,3445,36865,14745,113474,35009,125136
2006,"British Columbia Southern Interior",0,8170,6433.26,29490,26043.6,70136.86,59026,95477
2006,"Brome–Missisquoi",2352.37,39759.25,0,0,0,42111.62,24010,92591
2006,"Brossard–La Prairie",9157,3750,0,74950,0,87857,24011,113985
2006,"Bruce–Grey–Owen Sound",0,49080,10702.58,25716.38,9555,95053.96,35026,105947
2006,"Burlington",0,36895,4570,25940.76,17770,85175.76,35010,118310
2006,"Burnaby–Douglas",0,17190,1200,26125,44748,89263,59002,112119
2006,"Burnaby–New Westminster",0,26808.89,1610,18235,60423,107076.89,59003,118713
2006,"Calgary–Nose Hill",0,36308.95,606,15145,1550,53609.95,48005,130942
2006,"Calgary Centre",0,31679.75,0,27794,4340,63813.75,48006,124197
2006,"Calgary Centre-North",0,117965,1910,7027.11,12325,139227.11,48003,114615
2006,"Calgary East",0,55673.3,2900,7255,1650,67478.3,48002,110479
2006,"Calgary Northeast",0,50067.5,70,32016,250,82403.5,48004,129015
2006,"Calgary Southeast",0,75413,1665,4800,2751,84629,48007,125738
2006,"Calgary Southwest",0,73775.68,1150,8335,2610,85870.68,48008,120750
2006,"Calgary West",0,17165,0,25322,510,42997,48009,132162
2006,"Cambridge",0,49875.75,0,42835,5025,97735.75,35011,129434
2006,"Cape Breton–Canso",0,21500,631.6,36415,5731.25,64277.85,12001,71968
2006,"Cardigan",0,28119,570,19575,2930,51194,11001,35067
2006,"Cariboo–Prince George",0,31020.65,3500,9200,0,43720.65,59004,106382
2006,"Carleton–Mississippi Mills",0,34895,2925,34815,6110,78745,35012,128915
2006,"Central Nova",0,96189,1065,34710,18115.35,150079.35,12002,72966
2006,"Chambly–Borduas",0,0,0,1200,75,1275,24012,116925
2006,"Charlesbourg–Haute-Saint-Charles",1535,225,0,5100,0,6860,24013,94522
2006,"Charleswood–St. James–Assiniboia",0,45701,605,51552,1120,98978,46002,81469
2006,"Charlottetown",0,40325,1300,56160,5170,102955,11002,32174
2006,"Châteauguay–Saint-Constant",4727.71,900,0,35573.8,0,41201.51,24015,107165
2006,"Chatham-Kent–Essex",0,42658,3925.67,24870.5,18966.1,90420.27,35013,109484
2006,"Chicoutimi–Le Fjord",0,3470,0,15635,1100,20205,24016,96483
2006,"Chilliwack–Fraser Canyon",0,65625,200,350,13316,79491,59005,112118
2006,"Churchill",0,8000,2430,54310.1,24870,89610.1,46003,75232
2006,"Compton–Stanstead",0,7675,375,1500,0,9550,24017,100148
2006,"Crowfoot",0,30677.5,575,2300,950,34502.5,48010,114825
2006,"Cumberland–Colchester–Musquodoboit Valley",0,43024.95,780,17049.97,12217.86,73072.78,12007,87895
2006,"Cypress Hills–Grasslands",0,27050,120,5525,6535,39230,47004,60551
2006,"Dartmouth–Cole Harbour",0,20140,275,71930,36698.95,129043.95,12003,87886
2006,"Dauphin–Swan River–Marquette",0,35185,3945,13320,9455,61905,46004,75103
2006,"Davenport",0,3650,1925,40383,25685,71643,35015,104615
2006,"Delta–Richmond East",0,27160,4,10240,800,38204,59006,106103
2006,"Desnethé–Missinippi–Churchill River",0,27610,110,31735,1595,61050,47003,67937
2006,"Don Valley East",0,20035,1350,39576,3720,64681,35016,109640
2006,"Don Valley West",0,84980,90,29870,3145,118085,35017,117083
2006,"Drummond",0,3350,1550,0,0,4900,24018,92982
2006,"Dufferin–Caledon",0,39767.35,5305,25180,2065,72317.35,35018,111486
2006,"Durham",0,41954.95,0,9775,8375.03,60104.98,35014,118500
2006,"Edmonton–Leduc",0,81220,2500,11960,9005,104685,48014,116986
2006,"Edmonton–Mill Woods–Beaumont",0,22905,800,50266,7110,81081,48011,112919
2006,"Edmonton–Sherwood Park",0,15460,3367.5,21150,3220,43197.5,48016,118073
2006,"Edmonton–Spruce Grove",0,61341.22,1000,4185,3100,69626.22,48017,128945
2006,"Edmonton–St. Albert",0,19245,500,10650,0,30395,48015,126447
2006,"Edmonton–Strathcona",0,51754,2030,51280.25,33892.48,138956.73,48018,99267
2006,"Edmonton Centre",0,60315,2160,152862.39,15785,231122.39,48012,120326
2006,"Edmonton East",0,18095,140,26945.34,100,45280.34,48013,128199
2006,"Eglinton–Lawrence",0,7765.93,400,33305,8420,49890.93,35019,110066
2006,"Egmont",0,10120,2000,35275,0,47395,11003,34814
2006,"Elgin–Middlesex–London",0,29240,1900,14621,6987,52748,35020,110028
2006,"Elmwood–Transcona",0,22420,0,2408.35,24430,49258.35,46005,78700
2006,"Esquimalt–Juan de Fuca",1000,6800,2300,75365.61,38438.3,123903.91,59008,120669
2006,"Essex",0,60840,0,29225,11115.2,101180.2,35021,123872
2006,"Etobicoke–Lakeshore",0,90869.15,5145,111203,879.23,208096.38,35023,114641
2006,"Etobicoke Centre",0,14020,1200,20490,200,35910,35022,111349
2006,"Etobicoke North",0,26900,0,27700,5150,59750,35024,108501
2006,"Fleetwood–Port Kells",0,9420,0,14950,13031,37401,59009,123243
2006,"Fort McMurray–Athabasca",0,45917.43,550,0,13238.14,59705.57,48001,100805
2006,"Fredericton",0,48405,0,0,24212.6,72617.6,13003,85886
2006,"Fundy Royal",0,38668.62,150,4714.85,6579.63,50113.1,13004,69471
2006,"Gaspésie–Îles-de-la-Madeleine",0,1300,350,12175,0,13825,24019,82007
2006,"Gatineau",0,10370.05,485,4900,2140,17895.05,24020,108742
2006,"Glengarry–Prescott–Russell",0,34597,0,9470,700,44767,35025,104309
2006,"Guelph",0,42145,14474.34,32760,26623.51,116002.85,35027,114943
2006,"Haldimand–Norfolk",0,36609,400,56277.16,8535.7,101821.86,35028,107775
2006,"Haliburton–Kawartha Lakes–Brock",0,47980,2500,50265,0,100745,35029,119141
2006,"Halifax",0,19460,335,27850,31675,79320,12004,89448
2006,"Halifax West",0,8775,350,56020,12015,77160,12005,88756
2006,"Halton",0,38031,1650,9925,8140,57746,35030,151943
2006,"Hamilton Centre",0,5757.3,1925,15850,28039,51571.3,35031,117509
2006,"Hamilton East–Stoney Creek",0,32805,0,69131.88,14925,116861.88,35032,116434
2006,"Hamilton Mountain",0,17567.32,0,19200,27952.35,64719.67,35033,122729
2006,"Haute-Gaspésie–La Mitis–Matane–Matapédia",0,3075,0,5025,6242,14342,24041,73140
2006,"Hochelaga",0,5125,0,0,200,5325,24021,100915
2006,"Honoré-Mercier",2325,40300,0,39975,0,82600,24022,106196
2006,"Hull–Aylmer",3500,5070,1235,53078.77,9170,72053.77,24023,110902
2006,"Humber–St. Barbe–Baie Verte",0,20860,0,42200,2500,65560,10003,73171
2006,"Huron–Bruce",0,32900,2160,34620,27928.14,97608.14,35034,104313
2006,"Jeanne-Le Ber",0,4742.5,0,3500,2181.05,10423.55,24024,112863
2006,"Joliette",1355,12350,0,0,0,13705,24025,108169
2006,"Jonquière–Alma",1350,19690,75,2390,1911.11,25416.11,24026,97232
2006,"Kamloops–Thompson–Cariboo",0,35780,260,20625,29317.98,85982.98,59010,114675
2006,"Kelowna–Lake Country",0,27315,1945,25450,8813,63523,59011,122214
2006,"Kenora",0,19040,0,37900,15815,72755,35035,64291
2006,"Kildonan–St. Paul",0,16225,0,42584,7355,66164,46006,81532
2006,"Kings–Hants",0,41375,1390,67509.31,18594,128868.31,12006,81531
2006,"Kingston and the Islands",0,13050,3453,26067.32,26306,68876.32,35036,119069
2006,"Kitchener–Conestoga",0,32910,200,18620,4206.52,55936.52,35038,114405
2006,"Kitchener–Waterloo",0,15150,4115.39,35574.49,14226,69065.88,35039,126742
2006,"Kitchener Centre",0,36875.22,4125.72,33545,16129,90674.94,35037,107540
2006,"Kootenay–Columbia",0,0,4270,3473.43,19222.8,26966.23,59012,86811
2006,"La Pointe-de-l'Île",11985.11,500,0,475,0,12960.11,24028,99685
2006,"Labrador",0,8710,0,33600.08,4100,46410.08,10004,26364
2006,"Lac-Saint-Louis",0,37795,1020,26950,745,66510,24027,105622
2006,"Lambton–Kent–Middlesex",0,13135,2620,17455,10384.25,43594.25,35046,107635
2006,"Lanark–Frontenac–Lennox and Addington",0,32081,4175,23668.5,6015,65939.5,35040,117389
2006,"Langley",0,40225.98,750,5035,0,46010.98,59013,117858
2006,"LaSalle–Émard",2523,4450,0,18270,0,25243,24029,100327
2006,"Laurentides–Labelle",0,4780,0,17000,0,21780,24030,105884
2006,"Laurier–Sainte-Marie",0,0,2265,5000,1885,9150,24031,101758
2006,"Laval",1489.28,0,0,0,0,1489.28,24032,102230
2006,"Laval–Les Îles",50,4300,0,9040,200,13590,24033,111958
2006,"Leeds–Grenville",0,37189.99,100,15811,8024,61124.99,35041,99206
2006,"Lethbridge",0,60436,200,17275,12350,90261,48019,113531
2006,"Lévis–Bellechasse",8067.78,13185,1345,3600,0,26197.78,24034,105927
2006,"London–Fanshawe",0,37070,0,34275,28083,99428,35042,107218
2006,"London North Centre",0,50025,0,56193.33,11566,117784.33,35043,115250
2006,"London West",0,41965,0,17400,23634.48,82999.48,35044,118335
2006,"Longueuil–Pierre-Boucher",0,500,0,200,0,700,24035,98032
2006,"Lotbinière–Chutes-de-la-Chaudière",0,100,0,3200,950,4250,24036,100454
2006,"Louis-Hébert",0,750,0,36337,500,37587,24037,101730
2006,"Louis-Saint-Laurent",200,67987,25,25092.45,2055,95359.45,24038,96286
2006,"Macleod",0,38682.49,2710,0,200,41592.49,48020,107638
2006,"Madawaska–Restigouche",0,45345,0,60050,6910,112305,13005,62593
2006,"Malpeque",0,18275.84,1350,34070,650,54345.84,11004,33796
2006,"Manicouagan",1000,7100,0,31456.13,3725,43281.13,24039,83608
2006,"Marc-Aurèle-Fortin",0,1853.4,0,0,0,1853.4,24040,107149
2006,"Markham–Unionville",0,14541,0,3862.83,1550,19953.83,35045,127191
2006,"Medicine Hat",0,38318.4,0,7501,1030,46849.4,48021,113085
2006,"Mégantic–L'Érable",12820,33500,0,10425,0,56745,24042,87078
2006,"Miramichi",0,26922.35,0,20220,3793.76,50936.11,13006,53844
2006,"Mississauga–Brampton South",0,41452,7420,11900,6650,67422,35047,136470
2006,"Mississauga–Erindale",0,56246.95,875,68613.37,14000,139735.32,35049,143361
2006,"Mississauga–Streetsville",0,44698,0,26630,8590,79918,35051,130033
2006,"Mississauga East–Cooksville",0,5765,1200,33150,1150,41265,35048,126642
2006,"Mississauga South",0,37695.22,1000,10805,3210,52710.22,35050,110932
2006,"Moncton–Riverview–Dieppe",0,23951,100,0,5290,29341,13007,89334
2006,"Montcalm",0,1285,300,0,0,1585,24043,122825
2006,"Montmagny–L'Islet–Kamouraska–Rivière-du-Loup",0,0,20,8439.41,0,8459.41,24058,97492
2006,"Montmorency–Charlevoix–Haute-Côte-Nord",0,1000,0,1400,459.65,2859.65,24014,90535
2006,"Mount Royal",0,4550,0,5730,157.55,10437.55,24044,98888
2006,"Nanaimo–Alberni",0,35945,0,16790,26860,79595,59014,121434
2006,"Nanaimo–Cowichan",0,33990,40,2850,72366,109246,59015,125149
2006,"Nepean–Carleton",0,62191,1850,15080,6530,85651,35052,133245
2006,"New Brunswick Southwest",0,24692.55,400,2350,2650,30092.55,13008,63232
2006,"New Westminster–Coquitlam",0,30235,5,24668.5,53955,108863.5,59017,111231
2006,"Newmarket–Aurora",0,39650,350,57875,18165,116040,35053,121924
2006,"Newton–North Delta",0,40610,12750,55451,22292.11,131103.11,59016,118649
2006,"Niagara Falls",0,67963,600,44853,15790,129206,35054,126696
2006,"Niagara West–Glanbrook",0,60786.02,150,20310,2814,84060.02,35055,111024
2006,"Nickel Belt",0,450,0,32145,18874.34,51469.34,35056,89377
2006,"Nipissing–Timiskaming",0,77155,1680,58410,16808.57,154053.57,35057,90963
2006,"North Vancouver",0,23900.5,11070,48103,12255,95328.5,59019,122371
2006,"Northumberland–Quinte West",0,42295,3600,29280,15370,90545,35058,123706
2006,"Northwest Territories",0,40477.69,950,13900,15850,71177.69,61001,41464
2006,"Notre-Dame-de-Grâce–Lachine",0,1175,1474.48,41159,3500,47308.48,24045,104715
2006,"Nunavut",0,8000,2413.19,7110,10850,28373.19,62001,29474
2006,"Oak Ridges–Markham",0,36125,911.83,4100,5800,46936.83,35059,169642
2006,"Oakville",0,15117,1325,32575,1370,50387,35060,113714
2006,"Okanagan–Coquihalla",0,27080,1328.56,4535,3473,36416.56,59020,107316
2006,"Okanagan–Shuswap",0,32055,0,28560.7,26768.75,87384.45,59018,116236
2006,"Oshawa",0,28965,750,28635,33505.51,91855.51,35061,116881
2006,"Ottawa–Orléans",0,22107.4,1235,16770,2180,42292.4,35063,109950
2006,"Ottawa–Vanier",0,26447.85,2780,28904.64,18810,76942.49,35065,101611
2006,"Ottawa Centre",0,17680,5634.2,100115.52,80278.93,203708.65,35062,109336
2006,"Ottawa South",0,21125,500,62056.9,15555,99236.9,35064,117581
2006,"Ottawa West–Nepean",0,94406,200,26120.44,12724.75,133451.19,35066,109735
2006,"Outremont",0,69185,800,12250,2690,84925,24047,95771
2006,"Oxford",0,54330,1885,44000,13320,113535,35067,102756
2006,"Palliser",0,84779,100,27013.38,24086.5,135978.88,47005,65956
2006,"Papineau",450,24831.6,200,44145.65,0,69627.25,24048,101019
2006,"Parkdale–High Park",0,39285,3975,22396,56942,122598,35068,102142
2006,"Parry Sound–Muskoka",0,84217,1895,21942.5,6404.72,114459.22,35069,90281
2006,"Peace River",0,42904,0,3500,13298.34,59702.34,48022,138009
2006,"Perth–Wellington",0,37975,8895,16524.45,16623.8,80018.25,35070,103874
2006,"Peterborough",0,49704,6580,26260,49847.66,132391.66,35071,116626
2006,"Pickering–Scarborough East",0,27440,0,26320.46,1040,54800.46,35072,106602
2006,"Pierrefonds–Dollard",0,3080,1085,24900,525,29590,24049,105504
2006,"Pitt Meadows–Maple Ridge–Mission",0,18175.75,200,16831.79,33134,68341.54,59007,120662
2006,"Pontiac",17968,121100,5295,22850,5180,172393,24050,99589
2006,"Port Moody–Westwood–Port Coquitlam",0,58325.81,1540,27600,16301,103766.81,59021,116563
2006,"Portage–Lisgar",0,26305,360,12400,760,39825,46007,85653
2006,"Portneuf–Jacques-Cartier",10300,975,0,1875,10,13160,24051,93526
2006,"Prince Albert",0,35125,0,13855.61,0,48980.61,47006,71159
2006,"Prince Edward–Hastings",0,74254,0,34021.33,15243.88,123519.21,35073,113227
2006,"Prince George–Peace River",0,60089.23,4512.25,1600,6960,73161.48,59022,105865
2006,"Provencher",0,41800,175,51825,0,93800,46008,87737
2006,"Québec",0,4470,0,800,850,6120,24052,95433
2006,"Random–Burin–St. George's",0,14500,0,21800,750,37050,10005,71219
2006,"Red Deer",0,34395.68,35,6475,2640,43545.68,48023,124063
2006,"Regina–Lumsden–Lake Centre",0,30214,101,17650,15930,63895,47007,65885
2006,"Regina–Qu'Appelle",0,32740,446.25,2325,15959.98,51471.23,47008,66698
2006,"Renfrew–Nipissing–Pembroke",0,41130,0,31545,11376,84051,35074,98803
2006,"Repentigny",0,0,0,400,475,875,24053,109636
2006,"Richmond",0,47235.5,4020,36210,9620,97085.5,59023,114137
2006,"Richmond–Arthabaska",14130,9135,304,4195,0,27764,24055,100116
2006,"Richmond Hill",0,44025,1070,32423.7,2750,80268.7,35075,122614
2006,"Rimouski-Neigette–Témiscouata–Les Basques",7025,5310,0,43550,5900,61785,24056,84453
2006,"Rivière-des-Mille-Îles",1400,0,3065,24325,0,28790,24057,97258
2006,"Rivière-du-Nord",0,900,0,0,0,900,24059,101576
2006,"Roberval–Lac-Saint-Jean",7380,8050,820,15000,0,31250,24060,78895
2006,"Rosemont–La Petite-Patrie",0,1000,3918.15,7350,400,12668.15,24061,105864
2006,"Saanich–Gulf Islands",0,17895,7187.3,44410,22443.7,91936,59024,115724
2006,"Sackville–Eastern Shore",0,19265,0,20325,26144.7,65734.7,12008,86963
2006,"Saint-Bruno–Saint-Hubert",75,1865,500,0,1505,3945,24062,101416
2006,"Saint-Hyacinthe–Bagot",2949,2075,1135,11000,0,17159,24063,95983
2006,"Saint-Jean",0,900,475,28200,0,29575,24064,102902
2006,"Saint-Lambert",3497.76,12400,0,31317.83,0,47215.59,24065,94541
2006,"Saint-Laurent–Cartierville",2855,4000,1935,7809,133,16732,24066,109015
2006,"Saint-Léonard–Saint-Michel",0,200,0,59372.47,0,59572.47,24067,104786
2006,"Saint-Maurice–Champlain",0,1000,1584.71,1550,0,4134.71,24068,96968
2006,"Saint Boniface",0,41790,0,71111,13805,126706,46009,84473
2006,"Saint John",0,50320,50,57025,2865,110260,13009,82078
2006,"Sarnia–Lambton",0,35496,3025,23499,4650,66670,35078,105360
2006,"Saskatoon–Humboldt",0,33310,1125,30345,12320,77100,47009,75051
2006,"Saskatoon–Rosetown–Biggar",0,56187.33,600,1550,34506,92843.33,47010,69547
2006,"Saskatoon–Wanuskewin",0,18859,401.26,18846,0,38106.26,47011,72867
2006,"Sault Ste. Marie",0,31110,2245,48954,50143,132452,35079,89028
2006,"Scarborough–Agincourt",0,11994,0,42860,0,54854,35080,111867
2006,"Scarborough–Guildwood",0,25125,250,18601.64,5525,49501.64,35082,108813
2006,"Scarborough–Rouge River",0,38293,100,18410,450,57253,35083,130974
2006,"Scarborough Centre",0,13960,450,26651,3860,44921,35081,108010
2006,"Scarborough Southwest",0,24975,0,0,9805,34780,35084,102196
2006,"Selkirk–Interlake",0,40925,2000,13825,43295,100045,46010,90807
2006,"Shefford",12175,9111.13,0,35545,0,56831.13,24069,1e+05
2006,"Sherbrooke",0,17512.49,0,8750,0,26262.49,24070,101681
2006,"Simcoe–Grey",0,72895,2530,25800,350,101575,35085,125985
2006,"Simcoe North",0,80796.5,1209,21175,11084,114264.5,35086,119400
2006,"Skeena–Bulkley Valley",0,38002.7,895,12680,56564.74,108142.44,59025,91926
2006,"Souris–Moose Mountain",0,0,200,29855,2510,32565,47012,63238
2006,"South Shore–St. Margaret's",0,56079,303.6,29548.63,27557,113488.23,12009,82855
2006,"South Surrey–White Rock–Cloverdale",0,81335.3,2300,21085.11,14085,118805.41,59027,111756
2006,"St. Catharines",0,46908.67,725,30313,13842,91788.67,35076,112869
2006,"St. John's East",0,38000,0,42275,9865,90140,10006,88002
2006,"St. John's South–Mount Pearl",0,49350,0,38675,28943,116968,10007,81938
2006,"St. Paul's",0,39277.82,2825,27761.2,66715,136579.02,35077,111131
2006,"Stormont–Dundas–South Glengarry",0,65608,700,25465,10885,102658,35087,99764
2006,"Sudbury",0,57644.55,120,52174,14029,123967.55,35088,92161
2006,"Surrey North",0,4010,100,33950,53970.64,92030.64,59028,111960
2006,"Sydney–Victoria",0,20000,880,41180,24170,86230,12010,76801
2006,"Terrebonne–Blainville",0,925,880,1000,0,2805,24071,107694
2006,"Thornhill",0,20360,620,21420,2586,44986,35089,131978
2006,"Thunder Bay–Rainy River",0,24919.3,200,43352.3,24970,93441.6,35090,85153
2006,"Thunder Bay–Superior North",0,22382.7,3968,49908.93,25205,101464.63,35091,82589
2006,"Timmins–James Bay",0,7175,500,11100,21070,39845,35092,80791
2006,"Tobique–Mactaquac",0,30483.58,0,0,5454,35937.58,13010,68352
2006,"Toronto–Danforth",0,2450,8426,40445,61284,112605,35094,103655
2006,"Toronto Centre",0,62362.74,3266,82460,11047,159135.74,35093,121407
2006,"Trinity–Spadina",0,0,1800,7695,141035,150530,35095,115361
2006,"Trois-Rivières",0,0,0,4900,0,4900,24072,94272
2006,"Vancouver Centre",0,58539.44,1216,37603.71,91805.8,189164.95,59029,123701
2006,"Vancouver East",0,2660,200,14100,54540,71500,59030,106816
2006,"Vancouver Island North",0,51821.72,4635,4965.51,50860.2,112282.43,59031,113356
2006,"Vancouver Kingsway",0,12508,555,36325,23175,72563,59032,119815
2006,"Vancouver Quadra",0,27509,550,38600,9.55,66668.55,59033,119627
2006,"Vancouver South",0,36575.67,1150,218376,6778.38,262880.05,59034,120284
2006,"Vaudreuil-Soulanges",19515,14125,1305,72780,1700,109425,24073,120395
2006,"Vaughan",0,18320,2000,26870,700,47890,35096,154206
2006,"Vegreville–Wainwright",1440,34705.5,9046.05,1175,1500,47866.55,48024,111427
2006,"Verchères–Les Patriotes",0,5750,0,0,100,5850,24074,97726
2006,"Victoria",40,56539,12594.96,22000,73658.02,164831.98,59035,108771
2006,"Wascana",0,27795,1040,43425,5455,77715,47013,75717
2006,"Welland",0,16284.39,1100,26270,11398,55052.39,35097,112875
2006,"Wellington–Halton Hills",0,43732,1235,31505,3260,79732,35098,111241
2006,"West Nova",0,41696,700,43235,5050,90681,12011,86393
2006,"West Vancouver–Sunshine Coast–Sea to Sky Country",0,29785,1900,2059,0,33744,59036,129241
2006,"Westlock–St. Paul",0,21215,150,5470,0,26835,48025,101010
2006,"Westmount–Ville-Marie",0,12530,258,21050,1025,34863,24075,100360
2006,"Wetaskiwin",0,12390,825.54,2953,8213.33,24381.87,48026,107914
2006,"Whitby–Oshawa",0,193949.13,500,41721.13,7130,243300.26,35099,135893
2006,"Wild Rose",0,27095,9975,3935,1050,42055,48027,115872
2006,"Willowdale",0,18060,5450,3635,11766,38911,35100,129356
2006,"Windsor–Tecumseh",0,13375,0,28374,37685,79434,35101,118478
2006,"Windsor West",0,22980,2150,23973,24706.67,73809.67,35102,122219
2006,"Winnipeg Centre",0,19430,2320,23730.07,17820,63300.07,46011,81017
2006,"Winnipeg North",0,600,5,40476,23780,64861,46012,79366
2006,"Winnipeg South",0,24970,0,12099,425,37494,46013,84424
2006,"Winnipeg South Centre",0,54507,875,22559,0,77941,46014,78286
2006,"Yellowhead",0,10100,1515,1200,6385,19200,48028,103111
2006,"York–Simcoe",0,64685.68,1307.5,18750,5405,90148.18,35104,120371
2006,"York Centre",0,35342.6,1850,11500,1425,50117.6,35103,113457
2006,"York South–Weston",0,8092.5,100,8607,633,17432.5,35105,114458
2006,"York West",0,31650,853,11260,1475,45238,35106,103948
2006,"Yorkton–Melville",0,32217.83,137.29,12925,12038.33,57318.45,47014,66094
2006,"Yukon",0,0,20.3,29675,15319.71,45015.01,60001,30372
2008,"Abbotsford",0,69701.26,500,36050,1100,107351.26,59001,124515
2008,"Abitibi–Baie-James–Nunavik–Eeyou",2705,30090,0,11550,200,44545,24046,80894
2008,"Abitibi–Témiscamingue",0,29345,770,25750,629.29,56494.29,24001,102795
2008,"Acadie–Bathurst",0,50279,0,22354.25,17815,90448.25,13001,78948
2008,"Ahuntsic",1525,0,10,0,4800,6335,24002,100471
2008,"Ajax–Pickering",0,35137.5,1350,0,0,36487.5,35001,117183
2008,"Alfred-Pellan",3855,17000,950,4400,875,27080,24003,104765
2008,"Algoma–Manitoulin–Kapuskasing",0,2325,40,350,7580.5,10295.5,35002,77961
2008,"Ancaster–Dundas–Flamborough–Westdale",0,53079.88,8345.95,0,24052,85477.83,35003,111844
2008,"Argenteuil–Papineau–Mirabel",0,23106,300,3889.8,0,27295.8,24004,111534
2008,"Avalon",0,0,0,32395,3270,35665,10001,78381
2008,"Barrie",0,51225,8783,35735,7485,103228,35004,128430
2008,"Bas-Richelieu–Nicolet–Bécancour",0,13000,0,0,350,13350,24054,91745
2008,"Battlefords–Lloydminster",0,28955,950.03,0,0,29905.03,47001,71184
2008,"Beaches–East York",0,5825,400,400,24255,30880,35005,104831
2008,"Beauce",0,55142.14,0,0,200,55342.14,24005,103617
2008,"Beauharnois–Salaberry",0,10925,1600,1000,485.25,14010.25,24006,106856
2008,"Beauport–Limoilou",0,250,50,8340,725,9365,24007,101331
2008,"Beauséjour",0,17580,753.73,0,1808.78,20142.51,13002,76259
2008,"Berthier–Maskinongé",7575,9800,0,52630,0,70005,24008,107911
2008,"Blackstrap",0,45896.67,0,10792.78,8095,64784.45,47002,76273
2008,"Bonavista–Gander–Grand Falls–Windsor",0,23740,0,23425,325,47490,10002,86394
2008,"Bourassa",0,4850,170.1,0,1882,6902.1,24009,100683
2008,"Bramalea–Gore–Malton",0,17510,1150,0,16650,35310,35006,152698
2008,"Brampton–Springdale",0,40750,0,0,14000,54750,35007,131797
2008,"Brampton West",0,34245,800,34875,3800,73720,35008,170422
2008,"Brandon–Souris",0,48380,7238.48,2750,7565,65933.48,46001,84602
2008,"Brant",0,74395,5589.49,0,6950,86934.49,35009,125136
2008,"British Columbia Southern Interior",0,6360,3290,20700,26694,57044,59026,95477
2008,"Brome–Missisquoi",0,12180,0,0,550,12730,24010,92591
2008,"Brossard–La Prairie",8335,22795.5,0,8660,2600,42390.5,24011,113985
2008,"Bruce–Grey–Owen Sound",0,30970,0,7325,4913,43208,35026,105947
2008,"Burlington",0,27085,1605,5164.32,10225,44079.32,35010,118310
2008,"Burnaby–Douglas",0,25023.91,500,25960.95,31333.5,82818.36,59002,112119
2008,"Burnaby–New Westminster",0,18230,60,5266,36776,60332,59003,118713
2008,"Calgary–Nose Hill",0,17671,1700,4797.77,150,24318.77,48005,130942
2008,"Calgary Centre",0,3150,5379.35,25122.77,2220,35872.12,48006,124197
2008,"Calgary Centre-North",0,19970,400,1797.77,9430,31597.77,48003,114615
2008,"Calgary East",0,37652,0,3597.77,100,41349.77,48002,110479
2008,"Calgary Northeast",0,26777,25,33010,6225,66037,48004,129015
2008,"Calgary Southeast",0,43124.03,3080,0,120,46324.03,48007,125738
2008,"Calgary Southwest",0,20840,1250,2797.77,200,25087.77,48008,120750
2008,"Calgary West",0,17002,1700,12584.26,6127,37413.26,48009,132162
2008,"Cambridge",0,32495,800,0,666,33961,35011,129434
2008,"Cape Breton–Canso",0,29219.98,7238.4,0,5270,41728.38,12001,71968
2008,"Cardigan",0,9662,0,3700,1300,14662,11001,35067
2008,"Cariboo–Prince George",0,7240,0,1025,6105,14370,59004,106382
2008,"Carleton–Mississippi Mills",0,28590,4752.05,25090,8015,66447.05,35012,128915
2008,"Central Nova",0,62588.78,25110,0,13620,101318.78,12002,72966
2008,"Chambly–Borduas",1000,19880,0,100,0,20980,24012,116925
2008,"Charlesbourg–Haute-Saint-Charles",1863.12,5670,0,1000,1644,10177.12,24013,94522
2008,"Charleswood–St. James–Assiniboia",0,0,2870,7870,7531.1,18271.1,46002,81469
2008,"Charlottetown",0,40175,0,57925,1290,99390,11002,32174
2008,"Châteauguay–Saint-Constant",0,3250,0,1950,620,5820,24015,107165
2008,"Chatham-Kent–Essex",0,35168,900,0,1750,37818,35013,109484
2008,"Chicoutimi–Le Fjord",0,23550,0,2500,0,26050,24016,96483
2008,"Chilliwack–Fraser Canyon",0,29205,680,2100,11878,43863,59005,112118
2008,"Churchill",0,29400,0,7450,21656,58506,46003,75232
2008,"Compton–Stanstead",3981,12400,300,2280,150,19111,24017,100148
2008,"Crowfoot",0,9915,0,0,2635,12550,48010,114825
2008,"Cumberland–Colchester–Musquodoboit Valley",0,9370,0,19560,6810,35740,12007,87895
2008,"Cypress Hills–Grasslands",0,17155,100,4613,3340,25208,47004,60551
2008,"Dartmouth–Cole Harbour",0,20260,425,3475,17120,41280,12003,87886
2008,"Dauphin–Swan River–Marquette",0,20875,4270,12360,2475,39980,46004,75103
2008,"Davenport",0,3110,0,2500,7410,13020,35015,104615
2008,"Delta–Richmond East",0,29315.01,58.81,3050,2470,34893.82,59006,106103
2008,"Desnethé–Missinippi–Churchill River",0,10514.28,0.01,68264,300,79078.29,47003,67937
2008,"Don Valley East",0,24565,470,2850,2392.75,30277.75,35016,109640
2008,"Don Valley West",0,81613,4500,5650,7030,98793,35017,117083
2008,"Drummond",0,0,0,0,1660,1660,24018,92982
2008,"Dufferin–Caledon",0,13640,11390,4765,200,29995,35018,111486
2008,"Durham",0,11915,2490,1150,200,15755,35014,118500
2008,"Edmonton–Leduc",0,54400.88,1345,0,2610,58355.88,48014,116986
2008,"Edmonton–Mill Woods–Beaumont",0,19745,0,30627,900,51272,48011,112919
2008,"Edmonton–Sherwood Park",0,89300,1200,315,0,90815,48016,118073
2008,"Edmonton–Spruce Grove",0,53515,0,1500,2925,57940,48017,128945
2008,"Edmonton–St. Albert",0,17194,1000,5375,955,24524,48015,126447
2008,"Edmonton–Strathcona",0,21850,1895,3864,21224,48833,48018,99267
2008,"Edmonton Centre",0,23312,2380,54485,13655,93832,48012,120326
2008,"Edmonton East",0,3935,185,4650,15236,24006,48013,128199
2008,"Eglinton–Lawrence",0,14705,2920,2225,4050,23900,35019,110066
2008,"Egmont",0,27674.99,100,20695,820,49289.99,11003,34814
2008,"Elgin–Middlesex–London",0,2240.18,0,20166,8399,30805.18,35020,110028
2008,"Elmwood–Transcona",0,9474,1030,30620,2895.56,44019.56,46005,78700
2008,"Esquimalt–Juan de Fuca",0,8290,1200,0,26051,35541,59008,120669
2008,"Essex",0,37469.1,0,1000,11667.3,50136.4,35021,123872
2008,"Etobicoke–Lakeshore",0,46593.59,1020,3750,150,51513.59,35023,114641
2008,"Etobicoke Centre",0,7850,0,2800,0,10650,35022,111349
2008,"Etobicoke North",0,23552,2070,9420,11625.68,46667.68,35024,108501
2008,"Fleetwood–Port Kells",0,34325,0,29279,19736,83340,59009,123243
2008,"Fort McMurray–Athabasca",0,19761,0,1650,300,21711,48001,100805
2008,"Fredericton",0,31915,4112.94,115,5513.4,41656.34,13003,85886
2008,"Fundy Royal",0,28598.98,255,1790,3950,34593.98,13004,69471
2008,"Gaspésie–Îles-de-la-Madeleine",0,8530,860,62750,0,72140,24019,82007
2008,"Gatineau",1000,14600,0,37125,150,52875,24020,108742
2008,"Glengarry–Prescott–Russell",0,2475,2572,900,620,6567,35025,104309
2008,"Guelph",0,5200,11450,0,9616.61,26266.61,35027,114943
2008,"Haldimand–Norfolk",0,18950,2233,2650,6545,30378,35028,107775
2008,"Haliburton–Kawartha Lakes–Brock",0,30925,650,325,30,31930,35029,119141
2008,"Halifax",0,24470,940,17650,27935,70995,12004,89448
2008,"Halifax West",0,6530,200,42310,6128.6,55168.6,12005,88756
2008,"Halton",0,47165.48,1616,0,3500,52281.48,35030,151943
2008,"Hamilton Centre",0,3070,1690,9075.57,17445,31280.57,35031,117509
2008,"Hamilton East–Stoney Creek",0,22040,510,30052,14561.5,67163.5,35032,116434
2008,"Hamilton Mountain",0,6405,1535,4575,26730,39245,35033,122729
2008,"Haute-Gaspésie–La Mitis–Matane–Matapédia",0,2150,3190,30255,0,35595,24041,73140
2008,"Hochelaga",0,4400,0,800,1500,6700,24021,100915
2008,"Honoré-Mercier",16225,4690,1515.9,0,0,22430.9,24022,106196
2008,"Hull–Aylmer",0,6400,0,53720,12625,72745,24023,110902
2008,"Humber–St. Barbe–Baie Verte",0,800,0,7450,1350,9600,10003,73171
2008,"Huron–Bruce",0,23220,0,28210,26640,78070,35034,104313
2008,"Jeanne-Le Ber",0,4525.85,0,5080,2615,12220.85,24024,112863
2008,"Joliette",0,20285,2548,6000,0,28833,24025,108169
2008,"Jonquière–Alma",4500,10125,0,2250,0,16875,24026,97232
2008,"Kamloops–Thompson–Cariboo",0,23005,410,12722,23580.85,59717.85,59010,114675
2008,"Kelowna–Lake Country",0,28595,850,19930,3830,53205,59011,122214
2008,"Kenora",0,15328.7,130,32763,6321.55,54543.25,35035,64291
2008,"Kildonan–St. Paul",0,18680,90,8545.94,15460,42775.94,46006,81532
2008,"Kings–Hants",0,4980,1295,42490,17835,66600,12006,81531
2008,"Kingston and the Islands",0,37625,5412.55,40321,18030,101388.55,35036,119069
2008,"Kitchener–Conestoga",0,32559,13865,19031,1240.65,66695.65,35038,114405
2008,"Kitchener–Waterloo",0,25315,4090,2750,21450.2,53605.2,35039,126742
2008,"Kitchener Centre",0,13149,1252.76,0,12465.02,26866.78,35037,107540
2008,"Kootenay–Columbia",0,0,0,400,725,1125,59012,86811
2008,"La Pointe-de-l'Île",3350,22700,0,215,0,26265,24028,99685
2008,"Labrador",0,0,0,19125,1000,20125,10004,26364
2008,"Lac-Saint-Louis",0,15940,2679.25,16465.32,3640,38724.57,24027,105622
2008,"Lambton–Kent–Middlesex",0,17150,1900,19057.7,4155,42262.7,35046,107635
2008,"Lanark–Frontenac–Lennox and Addington",0,6236,4601,3615,6685,21137,35040,117389
2008,"Langley",0,22689,2460,100,2726,27975,59013,117858
2008,"LaSalle–Émard",0,6570,20,0,1010,7600,24029,100327
2008,"Laurentides–Labelle",0,6100,300,13650,0,20050,24030,105884
2008,"Laurier–Sainte-Marie",11500.07,0,2400,4125,1600,19625.07,24031,101758
2008,"Laval",250,38895,0,0,0,39145,24032,102230
2008,"Laval–Les Îles",1210,28435,45,20249,3500,53439,24033,111958
2008,"Leeds–Grenville",0,12955,2350,15999,2499,33803,35041,99206
2008,"Lethbridge",0,46374,0,10310,11875,68559,48019,113531
2008,"Lévis–Bellechasse",7630,12560,0,4785,0,24975,24034,105927
2008,"London–Fanshawe",0,22920,800,0,32353,56073,35042,107218
2008,"London North Centre",0,32950,1320,750,8440,43460,35043,115250
2008,"London West",0,300,1568,14663,13862.1,30393.1,35044,118335
2008,"Longueuil–Pierre-Boucher",4588.56,200,0,7213,0,12001.56,24035,98032
2008,"Lotbinière–Chutes-de-la-Chaudière",10771,37699,0,0,844,49314,24036,100454
2008,"Louis-Hébert",1507.8,900,0,0,165,2572.8,24037,101730
2008,"Louis-Saint-Laurent",0,17811.4,208,1300,0,19319.4,24038,96286
2008,"Macleod",0,25877,0,97.77,250,26224.77,48020,107638
2008,"Madawaska–Restigouche",0,49365,0,0,4890,54255,13005,62593
2008,"Malpeque",0,28143.69,25,28244,2090,58502.69,11004,33796
2008,"Manicouagan",0,23800,0,10450,0,34250,24039,83608
2008,"Marc-Aurèle-Fortin",0,1800,0,3100,0,4900,24040,107149
2008,"Markham–Unionville",0,3300,3100,0,2085,8485,35045,127191
2008,"Medicine Hat",0,7170,200,6690,3165,17225,48021,113085
2008,"Mégantic–L'Érable",13370,14680,0,1878,400,30328,24042,87078
2008,"Miramichi",0,23760,0,700,1605,26065,13006,53844
2008,"Mississauga–Brampton South",0,10658,5680,88350,2940,107628,35047,136470
2008,"Mississauga–Erindale",0,21618.9,2400,0,560,24578.9,35049,143361
2008,"Mississauga–Streetsville",0,3000,6570,0,2670,12240,35051,130033
2008,"Mississauga East–Cooksville",0,11185,500,0,0,11685,35048,126642
2008,"Mississauga South",0,8725,1080,9226,200,19231,35050,110932
2008,"Moncton–Riverview–Dieppe",0,54225,2957,0,800,57982,13007,89334
2008,"Montcalm",0,43559.98,1007.5,4700,0,49267.48,24043,122825
2008,"Montmagny–L'Islet–Kamouraska–Rivière-du-Loup",0,39125,0,13541.74,0,52666.74,24058,97492
2008,"Montmorency–Charlevoix–Haute-Côte-Nord",2300,7525,240,0,0,10065,24014,90535
2008,"Mount Royal",0,2800,0,0,2345,5145,24044,98888
2008,"Nanaimo–Alberni",0,28435,0,2440,25122,55997,59014,121434
2008,"Nanaimo–Cowichan",0,0,2530,4828.55,48319.85,55678.4,59015,125149
2008,"Nepean–Carleton",0,5330,3870,1315,9826,20341,35052,133245
2008,"New Brunswick Southwest",0,27933.92,317.8,0,3300,31551.72,13008,63232
2008,"New Westminster–Coquitlam",0,17993,1555,8515,12430,40493,59017,111231
2008,"Newmarket–Aurora",0,16720,0,14508,3945,35173,35053,121924
2008,"Newton–North Delta",0,21050,1205,0,10150,32405,59016,118649
2008,"Niagara Falls",0,32249.68,0,0,12505,44754.68,35054,126696
2008,"Niagara West–Glanbrook",0,7510.68,1300,3948.25,1450,14208.93,35055,111024
2008,"Nickel Belt",0,3650,3730,16425,21545,45350,35056,89377
2008,"Nipissing–Timiskaming",0,14940,2725,0,3390,21055,35057,90963
2008,"North Vancouver",0,75,7220,18125,4541,29961,59019,122371
2008,"Northumberland–Quinte West",0,26878,10955.22,34165,4140,76138.22,35058,123706
2008,"Northwest Territories",0,47150,5790,0,12853.25,65793.25,61001,41464
2008,"Notre-Dame-de-Grâce–Lachine",0,40440,970,23409,7390,72209,24045,104715
2008,"Nunavut",0,8555,0,3300,12477.67,24332.67,62001,29474
2008,"Oak Ridges–Markham",0,4025,1685,0,1864,7574,35059,169642
2008,"Oakville",0,22705.28,4685,20265,550,48205.28,35060,113714
2008,"Okanagan–Coquihalla",0,7260,1225,7501.61,3860,19846.61,59020,107316
2008,"Okanagan–Shuswap",0,11915,8176.39,9390,12605,42086.39,59018,116236
2008,"Oshawa",0,12382.28,6600,0,31535,50517.28,35061,116881
2008,"Ottawa–Orléans",0,11370,2900,1000,300,15570,35063,109950
2008,"Ottawa–Vanier",0,15651.61,0,1200,22554.54,39406.15,35065,101611
2008,"Ottawa Centre",0,11165,3975,7250,66819,89209,35062,109336
2008,"Ottawa South",0,21548.96,6370,275,2775,30968.96,35064,117581
2008,"Ottawa West–Nepean",0,27361,4311.4,1076.75,3678,36427.15,35066,109735
2008,"Outremont",6275,375,200,5700,8029,20579,24047,95771
2008,"Oxford",0,40345,1325,2535,4630,48835,35067,102756
2008,"Palliser",0,38970,160,0,1795,40925,47005,65956
2008,"Papineau",2500,3400,0,3670,1690,11260,24048,101019
2008,"Parkdale–High Park",0,8375.79,3120,42923.66,54235,108654.45,35068,102142
2008,"Parry Sound–Muskoka",0,91844.28,4075,10430,5242,111591.28,35069,90281
2008,"Peace River",0,47803.5,160,2000,6415,56378.5,48022,138009
2008,"Perth–Wellington",0,28342.7,7783,13900,11065,61090.7,35070,103874
2008,"Peterborough",0,18252.49,5025,1440,24409,49126.49,35071,116626
2008,"Pickering–Scarborough East",0,5086,800,7950,1250,15086,35072,106602
2008,"Pierrefonds–Dollard",0,39655,815,12451,0,52921,24049,105504
2008,"Pitt Meadows–Maple Ridge–Mission",0,15750,140,2200,14185,32275,59007,120662
2008,"Pontiac",2700,2900,1649,0,4080,11329,24050,99589
2008,"Port Moody–Westwood–Port Coquitlam",0,15375,640,0,4695,20710,59021,116563
2008,"Portage–Lisgar",0,3130,0,21885,2650,27665,46007,85653
2008,"Portneuf–Jacques-Cartier",1925,0,0,0,0,1925,24051,93526
2008,"Prince Albert",0,31270,600,10600,1000,43470,47006,71159
2008,"Prince Edward–Hastings",0,57750,5965,2450,12411,78576,35073,113227
2008,"Prince George–Peace River",0,25024.99,5545,6000,7220,43789.99,59022,105865
2008,"Provencher",0,16429,1090,3810,0,21329,46008,87737
2008,"Québec",0,20925,0,4150,1229.33,26304.33,24052,95433
2008,"Random–Burin–St. George's",0,20500,0,8300,4132,32932,10005,71219
2008,"Red Deer",0,11835,0,4075,1980,17890,48023,124063
2008,"Regina–Lumsden–Lake Centre",0,9695,0,2450,8085,20230,47007,65885
2008,"Regina–Qu'Appelle",0,16055,3590,0,7833,27478,47008,66698
2008,"Renfrew–Nipissing–Pembroke",0,28645.12,6705,33445,18295,87090.12,35074,98803
2008,"Repentigny",4240,7750,30,1000,400,13420,24053,109636
2008,"Richmond",0,800,1200,48700,6750,57450,59023,114137
2008,"Richmond–Arthabaska",14695,21285.7,100,0,4200,40280.7,24055,100116
2008,"Richmond Hill",0,51840.72,450,0,3350,55640.72,35075,122614
2008,"Rimouski-Neigette–Témiscouata–Les Basques",0,1900,23.46,8390,4440,14753.46,24056,84453
2008,"Rivière-des-Mille-Îles",0,0,2525,250,0,2775,24057,97258
2008,"Rivière-du-Nord",0,8290,0,800,710,9800,24059,101576
2008,"Roberval–Lac-Saint-Jean",3600,35770,0,8030,0,47400,24060,78895
2008,"Rosemont–La Petite-Patrie",0,32875,600,2950,7135,43560,24061,105864
2008,"Saanich–Gulf Islands",0,12835,2710,0,1940.19,17485.19,59024,115724
2008,"Sackville–Eastern Shore",0,3500,420,5950,16573,26443,12008,86963
2008,"Saint-Bruno–Saint-Hubert",7296.25,3695,200,10139.91,0,21331.16,24062,101416
2008,"Saint-Hyacinthe–Bagot",1974,19975,2145,0,600,24694,24063,95983
2008,"Saint-Jean",11015,29795,0,3050,0,43860,24064,102902
2008,"Saint-Lambert",0,16800,0,14215,300,31315,24065,94541
2008,"Saint-Laurent–Cartierville",0,3350,0,6125,0,9475,24066,109015
2008,"Saint-Léonard–Saint-Michel",0,5608.58,0,0,100,5708.58,24067,104786
2008,"Saint-Maurice–Champlain",8400,24500,3900,1105,0,37905,24068,96968
2008,"Saint Boniface",0,37369.99,0,38519.52,4570,80459.51,46009,84473
2008,"Saint John",0,0,0,0,1267.77,1267.77,13009,82078
2008,"Sarnia–Lambton",0,31590,4460,22847.32,9609,68506.32,35078,105360
2008,"Saskatoon–Humboldt",0,25768,131,0,10285,36184,47009,75051
2008,"Saskatoon–Rosetown–Biggar",0,20271.53,4390,1595,24685,50941.53,47010,69547
2008,"Saskatoon–Wanuskewin",0,5866.67,20,9905,4840,20631.67,47011,72867
2008,"Sault Ste. Marie",0,26740,3200,8170,35431.01,73541.01,35079,89028
2008,"Scarborough–Agincourt",0,54703,2750.5,13251,1460,72164.5,35080,111867
2008,"Scarborough–Guildwood",0,17561,0,0,3565,21126,35082,108813
2008,"Scarborough–Rouge River",0,32021,620,2400,0,35041,35083,130974
2008,"Scarborough Centre",0,7961.8,3000,31525,1150,43636.8,35081,108010
2008,"Scarborough Southwest",0,1830,100,10895,5900,18725,35084,102196
2008,"Selkirk–Interlake",0,27310,0,4357,5175,36842,46010,90807
2008,"Shefford",0,3852.72,0,5807,1400,11059.72,24069,1e+05
2008,"Sherbrooke",7400,14255,0,5500,0,27155,24070,101681
2008,"Simcoe–Grey",0,30505,862.27,3200,7575.6,42142.87,35085,125985
2008,"Simcoe North",0,46683,11853.41,0,5825,64361.41,35086,119400
2008,"Skeena–Bulkley Valley",0,18795,120,8800,42216.08,69931.08,59025,91926
2008,"Souris–Moose Mountain",0,0,0,0,1790,1790,47012,63238
2008,"South Shore–St. Margaret's",0,24350,100,25925,23995,74370,12009,82855
2008,"South Surrey–White Rock–Cloverdale",0,11335,400,19240,9532.05,40507.05,59027,111756
2008,"St. Catharines",0,15071.36,680,0,5350,21101.36,35076,112869
2008,"St. John's East",0,34920,0,23077,22080,80077,10006,88002
2008,"St. John's South–Mount Pearl",0,3875,222.03,36755,12652,53504.03,10007,81938
2008,"St. Paul's",0,21926.8,50,3425,3060.5,28462.3,35077,111131
2008,"Stormont–Dundas–South Glengarry",0,55834,3380,21515,11384.1,92113.1,35087,99764
2008,"Sudbury",0,14062.29,5420,0,13969,33451.29,35088,92161
2008,"Surrey North",0,9030,0,19562.21,17095,45687.21,59028,111960
2008,"Sydney–Victoria",0,32200,1100,20670,6945,60915,12010,76801
2008,"Terrebonne–Blainville",0,8050,920,7786,0,16756,24071,107694
2008,"Thornhill",0,37446,7095,17525,4375,66441,35089,131978
2008,"Thunder Bay–Rainy River",0,22104.2,130,38510,32813.1,93557.3,35090,85153
2008,"Thunder Bay–Superior North",0,32922.24,2350,21210,27235,83717.24,35091,82589
2008,"Timmins–James Bay",0,5000,0,3350,15720,24070,35092,80791
2008,"Tobique–Mactaquac",0,17895.25,1510,2980,4180,26565.25,13010,68352
2008,"Toronto–Danforth",0,13915,7481,13731.08,14656,49783.08,35094,103655
2008,"Toronto Centre",0,19380.36,3726.7,38567.32,7905,69579.38,35093,121407
2008,"Trinity–Spadina",0,225,4460,2250,56227.5,63162.5,35095,115361
2008,"Trois-Rivières",0,18925,0,1660,0,20585,24072,94272
2008,"Vancouver Centre",0,22495,17959.13,12649.13,12448.24,65551.5,59029,123701
2008,"Vancouver East",0,2000,500,0,22592.49,25092.49,59030,106816
2008,"Vancouver Island North",0,32831,6456.5,2025,47490.75,88803.25,59031,113356
2008,"Vancouver Kingsway",0,4850,3305,4052,33102.3,45309.3,59032,119815
2008,"Vancouver Quadra",0,64960,3318.5,0,0,68278.5,59033,119627
2008,"Vancouver South",0,6520,300,23010,5720.5,35550.5,59034,120284
2008,"Vaudreuil-Soulanges",1600,42750,0,0,0,44350,24073,120395
2008,"Vaughan",0,18293.56,8200,2000,1516.32,30009.88,35096,154206
2008,"Vegreville–Wainwright",0,4890,330,6000,126,11346,48024,111427
2008,"Verchères–Les Patriotes",1000,17100,0,0,565,18665,24074,97726
2008,"Victoria",0,29851.35,4917,285,36640,71693.35,59035,108771
2008,"Wascana",0,29160,0,28045,2720,59925,47013,75717
2008,"Welland",0,5580.68,0,17389,21755,44724.68,35097,112875
2008,"Wellington–Halton Hills",0,21658,300,8395,300,30653,35098,111241
2008,"West Nova",0,32592,200,0,6540,39332,12011,86393
2008,"West Vancouver–Sunshine Coast–Sea to Sky Country",0,31105,5840,16845.12,9922,63712.12,59036,129241
2008,"Westlock–St. Paul",0,34840,700,1150,0,36690,48025,101010
2008,"Westmount–Ville-Marie",0,1950,0,100,9760,11810,24075,100360
2008,"Wetaskiwin",0,3840,2722.2,1900,2010,10472.2,48026,107914
2008,"Whitby–Oshawa",0,103193.8,4460,10960,4245,122858.8,35099,135893
2008,"Wild Rose",0,34865.1,2450,3404.49,975,41694.59,48027,115872
2008,"Willowdale",0,7246.4,350,4974.4,10245,22815.8,35100,129356
2008,"Windsor–Tecumseh",0,5905,0,22410,29415,57730,35101,118478
2008,"Windsor West",0,22390,20,15753,15887.3,54050.3,35102,122219
2008,"Winnipeg Centre",0,4986,3005,290,28675,36956,46011,81017
2008,"Winnipeg North",0,600,250,379,29576,30805,46012,79366
2008,"Winnipeg South",0,30266,3306.76,28197,2505,64274.76,46013,84424
2008,"Winnipeg South Centre",0,20301,2276.88,21825,4450,48852.88,46014,78286
2008,"Yellowhead",0,5750,2445,1700,200,10095,48028,103111
2008,"York–Simcoe",0,32495.3,410,21790,3444,58139.3,35104,120371
2008,"York Centre",0,29977,200,250,0,30427,35103,113457
2008,"York South–Weston",0,6640,3100,5400,11504.15,26644.15,35105,114458
2008,"York West",0,5400,40,6970,10490,22900,35106,103948
2008,"Yorkton–Melville",0,23909,600,0,5090,29599,47014,66094
2008,"Yukon",0,0,4574,11460,9040,25074,60001,30372
2011,"Abbotsford",0,33600,495,18380,11572.64,64047.64,59001,124515
2011,"Abitibi–Baie-James–Nunavik–Eeyou",0,17350,0,0,2750,20100,24046,80894
2011,"Abitibi–Témiscamingue",0,3025,0,0,450,3475,24001,102795
2011,"Acadie–Bathurst",0,10770,0,13600,12340,36710,13001,78948
2011,"Ahuntsic",0,0,0,24440,0,24440,24002,100471
2011,"Ajax–Pickering",0,0,5000,0,0,5000,35001,117183
2011,"Alfred-Pellan",0,1000,0,0,0,1000,24003,104765
2011,"Algoma–Manitoulin–Kapuskasing",0,2650,1090,0,9166,12906,35002,77961
2011,"Ancaster–Dundas–Flamborough–Westdale",0,32395,5030,1700,10020,49145,35003,111844
2011,"Argenteuil–Papineau–Mirabel",1000,5000,838.62,0,0,6838.62,24004,111534
2011,"Avalon",0,0,51.37,1400,2025,3476.37,10001,78381
2011,"Barrie",0,56280,609,151.4,9695,66735.4,35004,128430
2011,"Bas-Richelieu–Nicolet–Bécancour",0,5050,0,0,0,5050,24054,91745
2011,"Battlefords–Lloydminster",0,15790,100,200,0,16090,47001,71184
2011,"Beaches–East York",0,10761.69,2150,0,17596,30507.69,35005,104831
2011,"Beauce",0,9725,219.94,19036,0,28980.94,24005,103617
2011,"Beauharnois–Salaberry",0,6730,0,10660,30,17420,24006,106856
2011,"Beauport–Limoilou",0,3150,0,3650,1350,8150,24007,101331
2011,"Beauséjour",0,750,0,1450,2350,4550,13002,76259
2011,"Berthier–Maskinongé",0,11095,0,8143.7,0,19238.7,24008,107911
2011,"Blackstrap",0,30210,0,0,17789,47999,47002,76273
2011,"Bonavista–Gander–Grand Falls–Windsor",0,7850,0,17510,100,25460,10002,86394
2011,"Bramalea–Gore–Malton",0,22841,0,0,20115.29,42956.29,35006,152698
2011,"Brampton–Springdale",0,0,0,0,16150,16150,35007,131797
2011,"Brampton West",0,39265,400,4600,6250,50515,35008,170422
2011,"Brandon–Souris",0,41630,2995,13380,3740,61745,46001,84602
2011,"Brant",0,73450,1790,0,3250,78490,35009,125136
2011,"British Columbia Southern Interior",0,6370,2430,100,21295,30195,59026,95477
2011,"Brome–Missisquoi",0,5750,0,9465,0,15215,24010,92591
2011,"Brossard–La Prairie",11315,10700,0,13545.6,2940,38500.6,24011,113985
2011,"Bruce–Grey–Owen Sound",0,32660,0,33752.4,5815,72227.4,35026,105947
2011,"Burlington",0,25575,4100,0,13510,43185,35010,118310
2011,"Burnaby–Douglas",0,29860,0,2325,13155,45340,59002,112119
2011,"Burnaby–New Westminster",0,13689,0,5680,46310,65679,59003,118713
2011,"Calgary–Nose Hill",0,11920,4700,13290,0,29910,48005,130942
2011,"Calgary Centre",0,0,1615,8567,0,10182,48006,124197
2011,"Calgary Centre-North",0,9811.01,10116.25,13515,715,34157.26,48003,114615
2011,"Calgary East",0,30705,0,2400,0,33105,48002,110479
2011,"Calgary Northeast",0,27646,1100,37165,0,65911,48004,129015
2011,"Calgary Southeast",8000,36650,0,6625,0,51275,48007,125738
2011,"Calgary Southwest",0,11088.34,0,2276,850,14214.34,48008,120750
2011,"Calgary West",0,9960,800,1850,0,12610,48009,132162
2011,"Cambridge",0,18400,0,0,4795,23195,35011,129434
2011,"Cape Breton–Canso",0,6865,1668.5,0,1430,9963.5,12001,71968
2011,"Cardigan",0,34389,1782.22,15325,1010,52506.22,11001,35067
2011,"Cariboo–Prince George",0,13820,690,0,2950,17460,59004,106382
2011,"Carleton–Mississippi Mills",0,19030,3200,15472,1085,38787,35012,128915
2011,"Central Nova",0,50364,1350,42195,15220,109129,12002,72966
2011,"Chambly–Borduas",1000,13250,0,0,0,14250,24012,116925
2011,"Charlesbourg–Haute-Saint-Charles",0,0,0,7500,1030,8530,24013,94522
2011,"Charleswood–St. James–Assiniboia",0,0,461,17240,2740,20441,46002,81469
2011,"Charlottetown",0,32876.8,0,59439.05,22914.75,115230.6,11002,32174
2011,"Châteauguay–Saint-Constant",0,0,0,2400,0,2400,24015,107165
2011,"Chatham-Kent–Essex",0,18753,620,0,3207,22580,35013,109484
2011,"Chicoutimi–Le Fjord",0,17015.21,599,1200,0,18814.21,24016,96483
2011,"Chilliwack–Fraser Canyon",0,18240,50,25630,9445,53365,59005,112118
2011,"Churchill",0,12400,20,26457.47,14450,53327.47,46003,75232
2011,"Compton–Stanstead",0,2300,0,225,0,2525,24017,100148
2011,"Crowfoot",0,11535,0,0,2355,13890,48010,114825
2011,"Cumberland–Colchester–Musquodoboit Valley",0,27470,1835,24490,5020,58815,12007,87895
2011,"Cypress Hills–Grasslands",0,13745,545,12409.18,11401,38100.18,47004,60551
2011,"Dartmouth–Cole Harbour",0,13245,0,310,34670,48225,12003,87886
2011,"Dauphin–Swan River–Marquette",0,14484.61,3100,6885,4325,28794.61,46004,75103
2011,"Davenport",0,6150,0,5100,10310,21560,35015,104615
2011,"Delta–Richmond East",0,15275,0,11900,5525,32700,59006,106103
2011,"Desnethé–Missinippi–Churchill River",0,0,40,2350,2280,4670,47003,67937
2011,"Don Valley East",0,14500,1950,250,1285,17985,35016,109640
2011,"Don Valley West",0,83137.1,700,0,0,83837.1,35017,117083
2011,"Drummond",0,0,400,0,0,400,24018,92982
2011,"Dufferin–Caledon",0,22834.62,0,4535,0,27369.62,35018,111486
2011,"Durham",0,11355,1329,0,805,13489,35014,118500
2011,"Edmonton–Leduc",0,33600,1650,0,5845,41095,48014,116986
2011,"Edmonton–Mill Woods–Beaumont",0,5040,3500,0,6765,15305,48011,112919
2011,"Edmonton–Sherwood Park",3110,56650,600,9095,0,69455,48016,118073
2011,"Edmonton–Spruce Grove",0,47345,32.5,2325,350,50052.5,48017,128945
2011,"Edmonton–St. Albert",0,15945,0,2300,40,18285,48015,126447
2011,"Edmonton–Strathcona",0,12786,0,0,63685,76471,48018,99267
2011,"Edmonton Centre",0,29115,145.5,52508.42,22135,103903.92,48012,120326
2011,"Edmonton East",0,11307.5,375,9750,27573,49005.5,48013,128199
2011,"Eglinton–Lawrence",0,7850,1100,8877,565,18392,35019,110066
2011,"Egmont",0,27249,0,17490,1230,45969,11003,34814
2011,"Elgin–Middlesex–London",0,730,2079.73,0,3570,6379.73,35020,110028
2011,"Elmwood–Transcona",0,8000,120,10,1340,9470,46005,78700
2011,"Esquimalt–Juan de Fuca",0,21545,242.08,1043.65,27405,50235.73,59008,120669
2011,"Essex",0,9350,25,13975.79,9315,32665.79,35021,123872
2011,"Etobicoke–Lakeshore",0,1700,140,270,8575,10685,35023,114641
2011,"Etobicoke Centre",0,1500,0,1750,3103,6353,35022,111349
2011,"Etobicoke North",0,12650,0,12950,4165,29765,35024,108501
2011,"Fleetwood–Port Kells",0,18050,0,35070,9300.36,62420.36,59009,123243
2011,"Fort McMurray–Athabasca",0,21120,2451.86,3800,0,27371.86,48001,100805
2011,"Fredericton",0,36125,100,0,5785,42010,13003,85886
2011,"Fundy Royal",0,26259.68,1600,2830,1960,32649.68,13004,69471
2011,"Gaspésie–Îles-de-la-Madeleine",0,2750,700,8815,0,12265,24019,82007
2011,"Gatineau",0,5320,0,36488.85,6270,48078.85,24020,108742
2011,"Glengarry–Prescott–Russell",0,0,6275,43168.92,645,50088.92,35025,104309
2011,"Guelph",0,9733,18579,0,10765,39077,35027,114943
2011,"Haldimand–Norfolk",0,30505,4560,0,4295,39360,35028,107775
2011,"Haliburton–Kawartha Lakes–Brock",0,41300,2130,931.28,0,44361.28,35029,119141
2011,"Halifax",0,14485,0,48038,30080,92603,12004,89448
2011,"Halifax West",0,19765,845.83,34850,11637.92,67098.75,12005,88756
2011,"Halton",0,12850,100,386.75,3250,16586.75,35030,151943
2011,"Hamilton Centre",0,2275,0,0,16940,19215,35031,117509
2011,"Hamilton East–Stoney Creek",0,14950,70,9155,27800,51975,35032,116434
2011,"Hamilton Mountain",0,7260,3505,0,23460,34225,35033,122729
2011,"Haute-Gaspésie–La Mitis–Matane–Matapédia",0,4900,0,27745,0,32645,24041,73140
2011,"Hochelaga",0,0,0,0,515,515,24021,100915
2011,"Honoré-Mercier",0,11650,807.01,0,0,12457.01,24022,106196
2011,"Hull–Aylmer",0,900,5.17,58375,9906,69186.17,24023,110902
2011,"Humber–St. Barbe–Baie Verte",0,19520,0,20380,3700,43600,10003,73171
2011,"Huron–Bruce",0,5285,400,865,14514.09,21064.09,35034,104313
2011,"Jeanne-Le Ber",0,800,0,7500,1522.15,9822.15,24024,112863
2011,"Joliette",770,2100,0,0,0,2870,24025,108169
2011,"Jonquière–Alma",3165,16200,0,600,0,19965,24026,97232
2011,"Kamloops–Thompson–Cariboo",0,23780,156,11101.4,33399.33,68436.73,59010,114675
2011,"Kelowna–Lake Country",0,65211.4,3450,18025,2810,89496.4,59011,122214
2011,"Kenora",0,10370,3850.85,15132.95,12484.75,41838.55,35035,64291
2011,"Kildonan–St. Paul",0,10600,2831.75,305,9295,23031.75,46006,81532
2011,"Kings–Hants",0,11055,495,3750,15030.81,30330.81,12006,81531
2011,"Kingston and the Islands",0,38704.98,6445,13536.96,14975,73661.94,35036,119069
2011,"Kitchener–Conestoga",0,20355,9600,92.25,5894.58,35941.83,35038,114405
2011,"Kitchener–Waterloo",0,37005,17450,895,9281,64631,35039,126742
2011,"Kitchener Centre",0,15700,1090,0,6756.5,23546.5,35037,107540
2011,"Kootenay–Columbia",0,0,975,875,18037.31,19887.31,59012,86811
2011,"La Pointe-de-l'Île",4845.01,0,425,135,0,5405.01,24028,99685
2011,"Labrador",0,83650,0,14775,60,98485,10004,26364
2011,"Lac-Saint-Louis",0,16100,0,16438.7,0,32538.7,24027,105622
2011,"Lambton–Kent–Middlesex",0,18955,500,0,5274,24729,35046,107635
2011,"Lanark–Frontenac–Lennox and Addington",0,8035,0,0,4625,12660,35040,117389
2011,"Langley",0,20814.77,0,100,4745,25659.77,59013,117858
2011,"LaSalle–Émard",0,17115,0,4338.5,0,21453.5,24029,100327
2011,"Laurentides–Labelle",0,1975,0,1000,0,2975,24030,105884
2011,"Laurier–Sainte-Marie",0,0,58.17,1490,900,2448.17,24031,101758
2011,"Laval",0,9100,335,2645,1100,13180,24032,102230
2011,"Laval–Les Îles",0,6850,0,17780,25,24655,24033,111958
2011,"Leeds–Grenville",0,17098.88,0,18865,4966.4,40930.28,35041,99206
2011,"Lethbridge",0,15826,0,17239.9,16987.36,50053.26,48019,113531
2011,"Lévis–Bellechasse",0,7935,0,400,40,8375,24034,105927
2011,"London–Fanshawe",0,13875,1570,0,38604.36,54049.36,35042,107218
2011,"London North Centre",0,9435,0,0,9335,18770,35043,115250
2011,"London West",0,400,0,1950,10902.33,13252.33,35044,118335
2011,"Longueuil–Pierre-Boucher",0,400,0,2550,0,2950,24035,98032
2011,"Lotbinière–Chutes-de-la-Chaudière",2600,9010,0,1200,0,12810,24036,100454
2011,"Louis-Hébert",0,400,0,0,275,675,24037,101730
2011,"Louis-Saint-Laurent",0,1340,20,6800,30,8190,24038,96286
2011,"Macleod",0,42885,0,0,1430,44315,48020,107638
2011,"Madawaska–Restigouche",0,70819.99,0,0,850,71669.99,13005,62593
2011,"Malpeque",0,20919,0,19270,2412.5,42601.5,11004,33796
2011,"Manicouagan",0,2850,0,13258.51,100,16208.51,24039,83608
2011,"Marc-Aurèle-Fortin",0,2000,0,4400,0,6400,24040,107149
2011,"Markham–Unionville",0,35755,5025,13550,100,54430,35045,127191
2011,"Medicine Hat",0,0,231.57,17915,2190,20336.57,48021,113085
2011,"Mégantic–L'Érable",0,5900,0,1500,0,7400,24042,87078
2011,"Miramichi",0,2300,60,0,890,3250,13006,53844
2011,"Mississauga–Brampton South",0,21950,32.5,29150,0,51132.5,35047,136470
2011,"Mississauga–Erindale",0,12310,1150,12391,1325,27176,35049,143361
2011,"Mississauga–Streetsville",0,35006,3200,0,3000,41206,35051,130033
2011,"Mississauga East–Cooksville",0,15593,0,21903.8,5901,43397.8,35048,126642
2011,"Mississauga South",0,36285,0,0,3430,39715,35050,110932
2011,"Moncton–Riverview–Dieppe",0,58069,0,0,0,58069,13007,89334
2011,"Montcalm",0,0,2280,0,0,2280,24043,122825
2011,"Montmagny–L'Islet–Kamouraska–Rivière-du-Loup",0,29050,0,9665,500,39215,24058,97492
2011,"Montmorency–Charlevoix–Haute-Côte-Nord",0,22600,450,0,0,23050,24014,90535
2011,"Mount Royal",0,53840,200,14960,2836,71836,24044,98888
2011,"Nanaimo–Alberni",0,18150,0,22377,18062.82,58589.82,59014,121434
2011,"Nanaimo–Cowichan",0,0,1575,5050,33671.89,40296.89,59015,125149
2011,"Nepean–Carleton",0,4155,6868,1545,3950,16518,35052,133245
2011,"New Brunswick Southwest",0,10625,0,76,435,11136,13008,63232
2011,"New Westminster–Coquitlam",0,6345,0,12518,13200,32063,59017,111231
2011,"Newmarket–Aurora",0,18435,0,21650.26,2840,42925.26,35053,121924
2011,"Newton–North Delta",0,2700,0,0,33464,36164,59016,118649
2011,"Niagara Falls",0,70960,0,17723,5080,93763,35054,126696
2011,"Niagara West–Glanbrook",0,13270,945,5020,2100,21335,35055,111024
2011,"Nickel Belt",0,6330,20,5250,19345,30945,35056,89377
2011,"Nipissing–Timiskaming",0,15605,5740,40658.96,1255,63258.96,35057,90963
2011,"North Vancouver",0,0,553.37,32290,1650,34493.37,59019,122371
2011,"Northumberland–Quinte West",0,20270.36,6227.62,56357,6361,89215.98,35058,123706
2011,"Northwest Territories",0,35090,2000,0,13584.98,50674.98,61001,41464
2011,"Notre-Dame-de-Grâce–Lachine",0,405,457,16750,200,17812,24045,104715
2011,"Nunavut",0,8750,0,6900,11879.21,27529.21,62001,29474
2011,"Oak Ridges–Markham",0,26355,1685,0,1570,29610,35059,169642
2011,"Oakville",0,41470,0,17701,1770,60941,35060,113714
2011,"Okanagan–Coquihalla",0,16135,6061.75,13825.25,4865,40887,59020,107316
2011,"Okanagan–Shuswap",0,13890,8205,8862,4500,35457,59018,116236
2011,"Oshawa",0,5400,100,3750,12565,21815,35061,116881
2011,"Ottawa–Orléans",0,17000,2220,0,0,19220,35063,109950
2011,"Ottawa–Vanier",0,9940,0,3006.2,12465.62,25411.82,35065,101611
2011,"Ottawa Centre",0,17025,0,2100,73542.05,92667.05,35062,109336
2011,"Ottawa South",0,15224,200,20,2400,17844,35064,117581
2011,"Ottawa West–Nepean",0,9615,3645,1430,11675,26365,35066,109735
2011,"Outremont",0,4030,0,0,14310.99,18340.99,24047,95771
2011,"Oxford",0,22140,700,0,4140,26980,35067,102756
2011,"Palliser",0,22503.76,625,0,1100,24228.76,47005,65956
2011,"Papineau",400,8457.6,0,0,1817.6,10675.2,24048,101019
2011,"Parkdale–High Park",0,10775,0,19515.85,50661,80951.85,35068,102142
2011,"Parry Sound–Muskoka",0,29706,0,230,7276,37212,35069,90281
2011,"Peace River",0,54165,1300,500,9571,65536,48022,138009
2011,"Perth–Wellington",0,27069.5,1900,33410,5640,68019.5,35070,103874
2011,"Peterborough",0,35010,1514,26105,28944,91573,35071,116626
2011,"Pickering–Scarborough East",0,4300,2100,5400,1475,13275,35072,106602
2011,"Pierrefonds–Dollard",0,29750,0,25602,0,55352,24049,105504
2011,"Pitt Meadows–Maple Ridge–Mission",0,9295,400,0,15075,24770,59007,120662
2011,"Pontiac",0,0,708.07,100,0,808.07,24050,99589
2011,"Port Moody–Westwood–Port Coquitlam",0,10185,0,0,2220,12405,59021,116563
2011,"Portage–Lisgar",0,0,0,1540,2750,4290,46007,85653
2011,"Portneuf–Jacques-Cartier",0,0,0,1650,0,1650,24051,93526
2011,"Prince Albert",0,35420,100,200,0,35720,47006,71159
2011,"Prince Edward–Hastings",0,48580,0,36515.74,9670,94765.74,35073,113227
2011,"Prince George–Peace River",0,18520,1852,9100,12590,42062,59022,105865
2011,"Provencher",0,32805,460,0,745,34010,46008,87737
2011,"Québec",0,1900,0,4970,200,7070,24052,95433
2011,"Random–Burin–St. George's",0,19150,0,18595,0,37745,10005,71219
2011,"Red Deer",0,9900,0,0,500,10400,48023,124063
2011,"Regina–Lumsden–Lake Centre",0,15850,12.08,0,2711.51,18573.59,47007,65885
2011,"Regina–Qu'Appelle",0,20910,0,3660,1860,26430,47008,66698
2011,"Renfrew–Nipissing–Pembroke",0,18710,100,19134,14555,52499,35074,98803
2011,"Repentigny",1000,0,0,9270,720,10990,24053,109636
2011,"Richmond",0,1600,520,13487.51,3025,18632.51,59023,114137
2011,"Richmond–Arthabaska",5910,7525,0,5360,0,18795,24055,100116
2011,"Richmond Hill",0,52615,5600,0,6195,64410,35075,122614
2011,"Rimouski-Neigette–Témiscouata–Les Basques",1000,3335,0,7645,0,11980,24056,84453
2011,"Rivière-des-Mille-Îles",0,0,0,157,0,157,24057,97258
2011,"Rivière-du-Nord",0,1740,0,500,0,2240,24059,101576
2011,"Roberval–Lac-Saint-Jean",1000,50080,0,2150,0,53230,24060,78895
2011,"Rosemont–La Petite-Patrie",0,0,0,3065,4921.14,7986.14,24061,105864
2011,"Saanich–Gulf Islands",0,26965,32422,0,13326,72713,59024,115724
2011,"Sackville–Eastern Shore",0,16285,0,800,22663,39748,12008,86963
2011,"Saint-Bruno–Saint-Hubert",270,2700,0,6375,0,9345,24062,101416
2011,"Saint-Hyacinthe–Bagot",0,33470,910,1400,150,35930,24063,95983
2011,"Saint-Jean",498,4520,25,4400,1700,11143,24064,102902
2011,"Saint-Lambert",0,0,0,950,0,950,24065,94541
2011,"Saint-Laurent–Cartierville",90,8250,0,1100,0,9440,24066,109015
2011,"Saint-Léonard–Saint-Michel",0,10106.13,0,0,0,10106.13,24067,104786
2011,"Saint-Maurice–Champlain",2000,15100,500,11525,0,29125,24068,96968
2011,"Saint Boniface",0,3025,0,35781,1130,39936,46009,84473
2011,"Saint John",0,0,760,0,9378.08,10138.08,13009,82078
2011,"Sarnia–Lambton",0,28789,40,16699,4390,49918,35078,105360
2011,"Saskatoon–Humboldt",0,3500,2190,0,28460,34150,47009,75051
2011,"Saskatoon–Rosetown–Biggar",0,28314,1426,4467.89,0,34207.89,47010,69547
2011,"Saskatoon–Wanuskewin",0,1835,960,1700,5685,10180,47011,72867
2011,"Sault Ste. Marie",0,19905,1750,39355,38439.01,99449.01,35079,89028
2011,"Scarborough–Agincourt",0,56489.03,0,18560,2300,77349.03,35080,111867
2011,"Scarborough–Guildwood",0,17070.35,0,0,1050,18120.35,35082,108813
2011,"Scarborough–Rouge River",0,1750,965,36318.26,25463,64496.26,35083,130974
2011,"Scarborough Centre",0,6005,0,2925,3675,12605,35081,108010
2011,"Scarborough Southwest",0,17500,100,8875,10645,37120,35084,102196
2011,"Selkirk–Interlake",0,700,15825,4250,3240,24015,46010,90807
2011,"Shefford",0,8400,0,4535,0,12935,24069,1e+05
2011,"Sherbrooke",0,6430,0,950,50,7430,24070,101681
2011,"Simcoe–Grey",0,75505,2005,7758,8550,93818,35085,125985
2011,"Simcoe North",0,49490,8606.75,0,2935,61031.75,35086,119400
2011,"Skeena–Bulkley Valley",0,7645,1407.86,5150,31750,45952.86,59025,91926
2011,"Souris–Moose Mountain",0,0,15.61,3800,0,3815.61,47012,63238
2011,"South Shore–St. Margaret's",0,30379,0,3270,24290,57939,12009,82855
2011,"South Surrey–White Rock–Cloverdale",0,3025,6970,18160,16479,44634,59027,111756
2011,"St. Catharines",0,20180.68,435,0,4300,24915.68,35076,112869
2011,"St. John's East",0,13850,0,30552.5,250,44652.5,10006,88002
2011,"St. John's South–Mount Pearl",0,18550,0,20409.5,13175,52134.5,10007,81938
2011,"St. Paul's",0,24295,5673.75,0,3665,33633.75,35077,111131
2011,"Stormont–Dundas–South Glengarry",0,38490,0,35088.49,1650,75228.49,35087,99764
2011,"Sudbury",0,0,6681.4,34119,26864,67664.4,35088,92161
2011,"Surrey North",0,9130,309,63401,52480,125320,59028,111960
2011,"Sydney–Victoria",0,47198,18.04,22450,8175,77841.04,12010,76801
2011,"Terrebonne–Blainville",2728,11249.99,0,900,0,14877.99,24071,107694
2011,"Thornhill",0,0,1100,2120,3485,6705,35089,131978
2011,"Thunder Bay–Rainy River",0,14245,50,30890,23275,68460,35090,85153
2011,"Thunder Bay–Superior North",0,34979.44,200,31574,20724,87477.44,35091,82589
2011,"Timmins–James Bay",0,9345.5,0,23126.35,10430,42901.85,35092,80791
2011,"Tobique–Mactaquac",0,17575,0,15008.7,305.2,32888.9,13010,68352
2011,"Toronto–Danforth",0,825,0,13885.75,12955,27665.75,35094,103655
2011,"Toronto Centre",0,30372.59,5842.83,67688,5925,109828.42,35093,121407
2011,"Trinity–Spadina",0,1740,1450,3788.88,35170,42148.88,35095,115361
2011,"Trois-Rivières",0,2500,0,2500,0,5000,24072,94272
2011,"Vancouver Centre",0,20050,11220,5230,5439.28,41939.28,59029,123701
2011,"Vancouver East",0,2752,0,0,22892.45,25644.45,59030,106816
2011,"Vancouver Island North",0,31269,3200,14925,31809.07,81203.07,59031,113356
2011,"Vancouver Kingsway",0,540,250,0,18818,19608,59032,119815
2011,"Vancouver Quadra",0,24175,928.97,3344,2430,30877.97,59033,119627
2011,"Vancouver South",0,0,35,10790,9025,19850,59034,120284
2011,"Vaudreuil-Soulanges",2000,17275,0,40,0,19315,24073,120395
2011,"Vaughan",0,183185,0,2250,0,185435,35096,154206
2011,"Vegreville–Wainwright",0,17920,0,500,0,18420,48024,111427
2011,"Verchères–Les Patriotes",0,1100,0,2020,0,3120,24074,97726
2011,"Victoria",0,4540,3784,11490.27,35926.5,55740.77,59035,108771
2011,"Wascana",0,8225,450,13020,1350,23045,47013,75717
2011,"Welland",0,10400,1250,16069,29395,57114,35097,112875
2011,"Wellington–Halton Hills",0,21335,1970,0,0,23305,35098,111241
2011,"West Nova",0,30825,0,31093,4860,66778,12011,86393
2011,"West Vancouver–Sunshine Coast–Sea to Sky Country",0,0,1140,9200,5059.25,15399.25,59036,129241
2011,"Westlock–St. Paul",0,29045,0,0,400,29445,48025,101010
2011,"Westmount–Ville-Marie",0,7175,0,0,175,7350,24075,100360
2011,"Wetaskiwin",0,7860,0,0,2890,10750,48026,107914
2011,"Whitby–Oshawa",0,73389.94,2845,6901,8956.48,92092.42,35099,135893
2011,"Wild Rose",0,26563,750,37729,1820,66862,48027,115872
2011,"Willowdale",0,24676.49,0,2950,7230,34856.49,35100,129356
2011,"Windsor–Tecumseh",0,6020,0,7250,40675,53945,35101,118478
2011,"Windsor West",0,28305,24.31,17806,22692.5,68827.81,35102,122219
2011,"Winnipeg Centre",0,0,610,2497.77,16165.08,19272.85,46011,81017
2011,"Winnipeg North",0,11225,0,0,26395,37620,46012,79366
2011,"Winnipeg South",0,11815,200,43746,4055,59816,46013,84424
2011,"Winnipeg South Centre",0,17300,650,13311,4690,35951,46014,78286
2011,"Yellowhead",0,500,600,1100,0,2200,48028,103111
2011,"York–Simcoe",0,1380,0,0,975,2355,35104,120371
2011,"York Centre",0,21544.1,0,3250,409.63,25203.73,35103,113457
2011,"York South–Weston",0,1050,999.94,9420,12476.98,23946.92,35105,114458
2011,"York West",0,3500,10,0,800,4310,35106,103948
2011,"Yorkton–Melville",0,14855,975,17505,9595,42930,47014,66094
2011,"Yukon",0,0,10705,10075,4758,25538,60001,30372
